date_insc;date_rad;prix_HT;prix_TTC;UCD_7;ann_rad;mois_rad;ann_insc;mois_insc;UCD_13
1914-12-17;2008-07-13;9780230269.512;5676647016.115;KvGzDJyBNqe;TiItWYuZgJBjmkTGQ;Aw;oXIvSJrfpuRxEOf;GJkJopq;0000000000000
1979-03-08;1913-08-17;990894536.8945;2696674121.0546;HpwcpGC;dJisS;VZrJcdRWWG;SM;qxrwzSIbRtyhQNEalc;0000000000000
1917-05-05;1996-10-21;-4371053960.8987;-5019138169.685;UgYcxiv;sOqaKwPi;xBPbzpNiXUUyNwugrz;ZrDamrBrSSoCNgBiILvn;;0000000000000
1931-04-12;1946-11-13;-8454208678.4165;5161517292.9964;sMEnAwVXRh;sKs;JmyFfdSSjWrFXetbaSI;;hmxFJFhwXAClL;0000000000000
1942-07-13;1946-09-18;-1110610080.5639;-3738461287.3664;yMUJqCnjoMFOhHzqZX;ohX;KpvDRoPMQHAPaef;ERyIoUgZkPiYKZqvpA;rDLEEbouUAJLALHRf;0000000000000
2011-09-10;1979-03-16;-543840604.8903;8744747149.768;bBEYliwpinKwulZgSKmU;YIhYQuZuBAaXaBx;DQhDViUqyKKbNiXQ;aOeXxdhCQKbX;alhBYtODRAVQUkeQJ;0000000000000
1986-08-05;1951-03-12;-9029559981.8711;-9142691032.9547;OjKdlevacIpSTDKN;oLXPjkZHBrBKPzSkUKJK;qJHoAZbhCUbZqS;ka;PuzDuAOyRKJv;0000000000000
1970-05-10;1953-03-07;-6733511035.8347;-1182655931.4039;GJMWKtiwhvfAAKdKeFF;IkXmzrTBeMnwERccpf;fnhhSBcGcfB;j;z;0000000000000
1903-10-10;1966-04-16;-7680985770.0411;8254445798.704;;GBXqemfKyicLpiKuOg;ioPWmTvRQ;;IWHCEeurvsaYdJUMc;0000000000000
1995-05-23;1992-04-27;2547833654.0885;-899921621.4644;IgbRDDrORSSsXJQmcq;iLDaAEomQ;gdeirEJSpXwovgHoeRff;wpdLGbVRl;dHXjELAHFXiDOknNUIA;0000000000000
1951-05-07;2024-11-14;7123640971.9125;158686814.0758;GtZ;nkHIjNwQJcUv;VPTViXA;yvPsHbM;EeIQnJyoomkfZhk;0000000000000
2004-04-08;1959-05-13;3002048421.7511;-8301840904.106;fqwnNzgxBOrVdZdxL;eodjXyb;llyhL;Tuy;kH;0000000000000
1933-01-28;1955-08-07;9814433695.156;-1473004178.6892;ChNtqBvHFgspBk;Rtg;otNOYccFzr;beJ;lai;0000000000000
1907-05-26;1914-10-02;-592985031.9243;4914339193.8774;DdAellNlNcFo;RqelKwqvzJApT;IbUcZjldyJNhAdm;pJomFdqNqDpYKFtQYspQ;gWcRfZyJVs;0000000000000
2012-09-01;1928-04-30;2365889671.3472;7341627912.2158;FzCAxQAfYhUfgGglJMEN;tRRlMVB;wIEHqpEzoHxWcBO;vmsGmRkhXkFoTYb;;0000000000000
1928-09-26;2024-06-22;-4346655869.3767;-3526683461.9866;qPHfGoNbznM;rHfTzthZZMqDO;vVyana;ThC;dOuBIFvcT;0000000000000
1952-08-26;2022-08-22;9520066316.3508;-7918512053.7342;LzJZNpOxaYME;dU;CmJGnsnMHVolIFokXS;xgdNyk;kDROdzbGm;0000000000000
1941-02-04;2014-08-22;3461359982.6335;6042160937.0689;Lzfei;vUA;VkrAIZoCYTyS;y;;0000000000000
1909-12-20;1984-01-14;-1189382224.5091;-2103361016.3976;RXcoOwfvfumPugJZi;sXtkQAs;zAPfev;DhhEHDHMpBOXuSJ;zUCtT;0000000000000
2009-08-15;1927-10-20;-4206253194.9581;2555361764.6838;LYvCgVghvBBdWElXVQA;M;QxyFETgBqRecx;wjxzcyHnvrRvLitt;ndwkwZcBmnRtgWdVkSoY;0000000000000
2010-05-14;1982-10-16;193993680.9428;-9280229128.006;xxcmCPcntQwamNqNiYJ;IPIDaSv;nBASBW;DtpvWcjvnYPKO;jMaSpDprg;0000000000000
2026-04-18;1918-02-03;-7750782084.0801;-4001842999.5693;HXAxfw;zLQfckIDBdo;;HsRCmvPPCM;qmqUdyTsrJqrtaOcs;0000000000000
1950-02-06;1959-08-20;-5460904213.1543;-9046935607.9193;rE;TgfWgxkMLxbVlbz;iXY;PREIdvIVOgAQNpdclwDw;UieNwXDtacRtASFRg;0000000000000
2024-02-01;2013-08-09;-428953906.7661;-2555778443.8775;YEnBo;TDEVNjFhgA;MwOHzNRlhcLZc;LIkThAQRFeSzsi;IbWhOVKWopg;0000000000000
1957-12-13;1933-08-07;-5144836864.3977;-4751696071.4361;zqaxIPEZnAvLRnuIKcZ;fPpVrrqMpfhEpZMDZH;lHdibsNJulQBiVmTJ;;EnGCxHmHhzsOuULY;0000000000000
1987-01-25;1986-06-08;-2240349647.8567;9810524128.2537;OGrzfR;sU;KLaEob;WTsqo;uCxKGIXgksbYJ;0000000000000
1910-09-23;2012-02-25;6377468551.3075;-2097093037.9388;N;kUmBhXadhEpkAALcaVbn;dKxsWVizLt;pDrFzXDNyKRoLSwXQN;ZJvabGrOzoc;0000000000000
2016-08-16;1919-05-09;-8509184296.7691;-3849214748.0187;AqUfgAyyUxTDvU;hstPVWFNRfLOKYLJv;kQDSfzPfKItc;TzhHzgsp;bITpwxlEqLKDLob;0000000000000
1938-09-29;1973-03-09;8462990780.5534;-5577977273.0459;UVPjXVITBLyiU;QXPxQzrZO;chxfdaKWRdcolQVEe;;QYKxpIy;0000000000000
1934-02-07;1920-09-10;-5502078359.8108;-119499500.2723;hHiX;lHuwKywZYoJj;pOjmkQIAAcJIT;p;VLBbhOrsNffQUdcWab;0000000000000
1900-09-01;1922-06-24;4127429692.1599;-8842496207.5412;NkVFMLjYbjOZLUohI;gUXZj;VyDeoUnnPzne;;LhniGNYNnye;0000000000000
1970-08-14;1913-07-11;-7788690864.5498;-4205999185.4429;cvtzHWNJFyUtZAx;JXibDZpMg;DTwsyytIo;IZ;QbtgAosOEqMu;0000000000000
1961-10-30;1926-05-21;2020082470.4637;-5300992187.4944;ckZrujTNEAZ;UpDCjYNmX;;ZZqIYkuJaT;nWM;0000000000000
1982-09-24;1959-03-06;-1864149238.2341;9268608299.0726;oxjXhHSlvKKHjI;bzXEwdQyA;qxMccbFQkHgEyoOVggV;CDayhYULBvltszUe;hWmOKpisUMSsA;0000000000000
2027-03-04;2003-04-19;6736589008.6411;2313477461.55;EQZzdU;cZoWBtfeT;ZMjQPIfg;UjIc;iVCCUGx;0000000000000
2018-02-17;2028-10-23;-4999391443.1208;7251679386.0408;QVLG;REKEsRIUXHtGk;kHqebELUIGnTKocOs;GCEHvNkCzD;lpXYnVZeTSy;0000000000000
2018-04-28;2004-08-27;-845240170.7871;-8198294875.9991;wJq;fkMlijNFJQvdL;YvlzDPWDnzHQ;ZFIFjH;wOALqds;0000000000000
1968-04-14;1949-01-24;1148654053.6415;-7020221968.4019;RSMIKoPqsuP;KwsTqdNmprYSekpwfBPj;WWgqIlJgJkstUIDIp;SzK;X;0000000000000
1913-07-11;1967-01-18;-4960996004.1689;3451499273.7057;gWvnrcrs;GipiQDjRtGHCSzu;CblNpxHOQiienllEdJx;l;;0000000000000
1923-07-10;1907-08-29;-7795173554.6854;9579838496.2487;AfoXjbQfLtgOJPPmWAno;nthgBVBjn;nMnjiInCoxDZBf;IQMIiXUvzrtt;PmBXMLFFCnbRN;0000000000000
2023-11-25;1992-06-11;4532743926.1605;-9535529897.6341;UuVdtYQ;MoUH;TB;lMXooKZiKvIZCLt;kho;0000000000000
1953-07-22;1909-06-05;-3798521249.6756;8154313823.5154;FuBHPGoRGSGNps;CoQmqL;Buwiaj;pDsGfNgZJTBkADNfNN;lJnAgDdaIoAJGk;0000000000000
2012-06-15;2014-09-29;6515079309.9441;-8838973675.6749;OvvMLJ;uGhYdLAUoBxG;sm;oUEH;vTlSuwUKIKSbNaJ;0000000000000
1987-05-21;1994-05-23;-966669467.0689;5113308685.6386;QUFce;CdDIfxucYbe;PATXlPSK;gBfquridoZoGNKUjr;ABtTA;0000000000000
1981-09-29;2008-05-04;-8117221417.9902;-8707942438.2035;OYZNOgrSF;ggoHTMTldhzxDCUzu;;HaGcXYeVTdrU;cf;0000000000000
1935-10-29;1992-05-01;7744064752.1972;-4885331523.833;xsplockDtn;pjeOcZaLxffbNVgVaIi;kjHinJUGg;BlxynLL;YlcRECJ;0000000000000
2016-07-31;1990-09-02;4835082559.2122;-6607844710.672;CUzfCDilDpcURpzd;XgwYeudQKnDEH;EuLliSDFXNaZem;WVUIupaGqKOyyxX;JxSRWvky;0000000000000
1926-11-24;2020-12-01;-7561354491.304;-6097454065.1026;qqoHZWrDovVicYYh;qPPXDtyJzLcKfSwqX;qVGOFAvI;MAMzLuIBqy;tLSSZC;0000000000000
1952-07-29;2014-08-15;7117381433.6726;-7868862978.1939;XkixdlfV;AewjozhK;zOvHelWeYGhbTxpLbjco;kB;Kmrpiw;0000000000000
2029-03-02;1912-05-07;-8661234576.233;415792007.7772;lrWmgtfWCL;jsKUudNAqxMUOl;zFYKJjoiYStZq;IAXCzUrvHeZDCeZfmUg;dRuMEQUdqFZwl;0000000000000
1995-08-25;1959-05-07;-6320960282.8494;-9875074473.2931;btVmDVZR;unutOgxnbj;rIbMrYxvRY;LTjvkGekiAfDVB;FlAXElbfQxt;0000000000000
1957-11-10;1964-01-21;-6556663653.8714;5812101928.832;;FEKabuhtIZEu;WEKe;DSVTfPT;uHTwlxEocuQVzerbTyE;0000000000000
1972-11-20;1914-03-03;8445559549.1553;-7225781519.7376;pGlMOznlldY;nLEzvU;sBhdkvlICEysbcWh;jmoNfdDNXJRBRsFz;H;0000000000000
1953-06-19;1919-12-27;3326649424.4694;-7857096097.03;EJDtDlssdstNlVYpt;o;GSOusEtVuBxCxsQBRjqh;cAD;tgFVDBZTVEezQbrscsYJ;0000000000000
1994-07-06;2027-12-17;-4898864893.2639;-1407976727.9495;fiplqVyhvBBuIz;vWJgrdUeV;ALs;h;MfPyOsrccKnCZmTc;0000000000000
1951-11-25;1935-04-22;-4973674943.243;-5620542452.4931;p;EMCbKfSqbt;TpFwHeszIPH;MPeLUgj;hLWxCjZAVtXTDSJPS;0000000000000
1987-02-14;2016-08-19;9680731300.7645;6717034581.2609;NRwwf;SKECRUJnZx;mPfjoTHzJztvcssv;oiKNQkqnoJaXRJzxg;XUMqAKG;0000000000000
1991-08-14;1921-05-09;3575907486.6461;-9882505598.9952;dgoqFQ;QbFBth;wgIfVowhBh;OtxUDCihsmnfSujtT;anfsSyJPPLxDsL;0000000000000
1979-03-31;1917-03-17;-1952574320.8863;-7033542097.1322;rgskErjqTSzHjWmkRu;eDrZDF;FapJbSfYqwFylvE;e;AH;0000000000000
1970-03-17;1941-04-04;-8716554080.6782;3966876850.7971;faIvtyxogAvqTLq;zCJsc;IYl;X;fezlaEW;0000000000000
1926-10-17;1939-12-20;-1122517478.3315;-7047801905.0624;FRoxxpm;mumiFmJslF;gpPAhnUHsdjDIXGFR;pyyDVkHlnluQkPYuJj;qzq;0000000000000
1925-11-22;1954-11-14;-5858167434.508;7415690724.1332;X;BbBlHoKrvJJYpUEeB;PLciUfvIVkjp;hfmp;KrDGgpGPwfxCmmMJc;0000000000000
2003-06-14;1943-01-12;-3548200925.5809;279724337.4983;FBomBbNmeGXDz;eEJLhIZELMpnrMRMCF;EyDnOLgXsfx;GGzgjL;wwaItTRJDEhy;0000000000000
1937-09-29;1973-11-07;2989719006.5527;-1503994875.4216;NFGTHCnQonyRSVOSLdW;jovl;lFCsAjuSXXpbiEKeD;P;eztmwlrrSicH;0000000000000
1985-04-12;1912-05-22;4480247417.3969;-9620632434.5251;n;enXSKJKd;ulRALFkIZlbBO;LuOFdMoAYUSrmHoijB;VlxujHNAYD;0000000000000
1938-12-14;2003-09-28;-633350053.2783;-113481477.0564;K;vJK;egCPNq;KGaXFWXLeQBBy;SuVVemz;0000000000000
1918-10-14;1934-12-05;-6245085436.9814;8932482577.1534;NxxKoSql;;jBS;VPWmZmAdViMngu;L;0000000000000
1952-07-08;2018-06-27;-4072251186.3692;-3083931446.4393;XSQyX;wScBARet;EOjRVSkiQEGBrc;LGUXGn;;0000000000000
1940-05-03;2017-03-25;-7196163691.4454;-1853422141.0401;TDVqugH;MPyxtQHtGWDtlE;DveUtDFjRrShmtqDWpEi;ITbHAVnkHKSowZLBxTY;ViaUMo;0000000000000
1931-08-24;1902-01-23;-8104606836.9077;6578528616.0972;QyjnNxHiDgFbnd;LCwxCNWF;mxcqqNE;CQTbvZhBHsKpV;UFYEHavJXOB;0000000000000
1976-06-15;2010-12-25;-164736859.3596;4280307933.364;SSSoduSGKFoGX;kNKaFwHsbkQ;vRpPYi;EbQvOSgIhKaDXO;PgfeSBBJR;0000000000000
1931-11-24;1987-10-31;9815574064.573;-268564573.9564;HsPPB;YXrMQAMMBFbetcaiBOCu;PCGeOusUAtfwNAG;uAAFflSkg;qLySDdindZ;0000000000000
1997-03-19;1904-11-25;7596270530.0075;-5345111975.5667;BczJL;kYLuvN;ayoMKBX;yVzHOgPM;ZqfBeaARu;0000000000000
1993-08-15;1940-03-01;-6774423585.5714;3439929780.1029;JZmYEc;fDWoFKqfUjspelCYtUU;RV;QhGODEhhXxfdfzgjuN;bJHwPMUdDRlgORQUauOi;0000000000000
1990-05-22;1973-05-10;-3901734085.5127;1573093649.0506;lVrWgaCwKDrEhQh;QvbABCOu;hzVXZEIzkJRmhcpm;IGunyut;DgqTYSQIQhizlShK;0000000000000
1913-05-11;1977-03-26;2095904345.728;-1032286126.8017;sjWXOGmRVYIggFFMVn;hDQZjDSzCkcXNCHcMMtN;bUxqGYSFdVGFCE;IsfOspXhWvT;LKUJ;0000000000000
2022-09-04;1988-07-05;8806092668.6125;1530259091.7397;gYekRbZyBgeiVlyXnbg;;OWFqRtclbXI;lMnjwFhtKtH;iPKTVkXWgfMUrbFpJZoW;0000000000000
1965-06-09;1982-03-21;4662390011.5453;-3778055765.521;pR;mQIqQAPETQlitzTB;qSGnDeeGOJVBLK;LZIANavuvyRkGNoBs;bvPTBOnMlSyL;0000000000000
2016-12-17;2022-01-13;-9211603942.2747;3041427230.1683;XdrHMtmewtlOpcwc;urgFTB;EF;lEebVWlqxCudevWgl;ndVbKCORdKS;0000000000000
1925-10-26;1995-10-30;-6800751380.6331;-8180987970.9953;WoaNveAfEDWYdqYAP;XrTCkEXdhKZNtIQGNmR;lxzRYQBwCwooigZHQfM;PDmaYNVLDtIKlPGD;FPbCEMsLYnaCoQrk;0000000000000
1977-04-13;1996-10-31;-8715356571.2014;-2654968464.9716;cyAmlEK;;cwKFLQFtDalymqDcb;jawvlisX;szCKgtgaVUJvOh;0000000000000
2025-07-04;1914-02-27;-1108990661.0113;1443423732.6621;CSigWNE;TiLtALpoxmuR;IjNApdxCAURKILO;cMciWObQayDySh;hNBNNfvlwNSochjtkju;0000000000000
2029-11-01;1964-03-05;6795449785.1896;6214267062.9242;xxVxkqff;JVnvcpTpRMvSzhPUX;CtsXlEfloM;bVWcL;AktwVQwtvNizTmXT;0000000000000
1903-02-22;2012-09-05;1150707476.451;-668332389.4102;BsLhC;DyaStgw;dmTncnnzZczdIksDIfk;VLWmZgmFw;wj;0000000000000
1962-07-28;1902-05-17;9758312856.4293;2485831640.8285;k;NacvbprnLLQqsPpXsHf;D;FDXbieWteDyWV;Of;0000000000000
1937-11-20;1923-10-12;5263912056.5516;1153352541.8135;W;tUvjxCsRCv;fV;Cq;NnFVGBtmGZv;0000000000000
1908-04-14;1914-08-26;8817554584.8146;-3354889859.326;ndrYASFPp;v;aHliKubUXtVNrsbwPbn;OiHfynYtkaTjHpIAQb;wLlcUTamW;0000000000000
1974-01-20;2010-12-07;4534967923.4288;-7255699104.7143;lWlSUHN;fqhWlgceSuPnsBqY;OD;XyFilRvleNEY;xMXphlzbRuaBegtQTbaU;0000000000000
1900-08-30;1906-04-20;-4947355086.3834;8082840560.5593;UILQrLGtOKKAGlat;yPsASPYktRMWZAM;pjVOpSRLeVJiEOMO;vrGXTUPeVIKzYmrB;rcKQOqctEgnnS;0000000000000
1979-06-21;1964-12-05;8149078044.6697;-5424607546.6333;GjfAjYYefzIJQw;dSEIDcTBz;tRLvgQ;wmIGswBzUTG;wSjaykPKYAPAwStjSkIY;0000000000000
2013-02-15;1965-05-28;3694453762.783;-5752087200.9832;;qeAionVspbZofZIKjpbQ;htKX;tiDhsCH;HuNPFE;0000000000000
2014-11-15;1999-06-02;-7895301651.8552;-6444324413.6295;JoJQiyzxam;I;ycnUeQknv;hmNWcvEZAImoJwtLiMD;jbfwcMHme;0000000000000
2024-01-24;1945-03-05;2084764052.9465;3105217248.2076;jmwcXMjUIkSwE;YDfZiXdnyW;MTLRt;VVSf;TQUWelzNdrKQspFBB;0000000000000
1996-03-08;2021-02-01;4745218644.4001;-8979213024.4904;;BSpSFoKZhAWPiyFOiY;onOKWTkGvbRUnDGTwJ;tWhrperIUssAXBS;lcFEeH;0000000000000
1924-01-06;1938-11-25;-5255568423.0891;-8170409239.091998;UVjqVAZZtC;;OgQhjhJpFUWBSKj;LOzNpUHBrBHFrrEP;dWSsPZbtO;0000000000000
1956-07-05;1971-08-26;9779718191.8459;4037112549.6577;bxAa;;BWsEwyf;yBbvFUxCpYrqytg;lqWRktsPI;0000000000000
2015-03-04;1907-06-26;6815848001.5097;4500699432.9972;UHrXt;WSsmAPCpjR;pDmzQfmquBeVBuPVUk;YfMYVVwTKficXeRJFu;C;0000000000000
1933-02-27;1977-05-23;-1337995209.9686;313721241.4311;xLZ;;lRSEpCCbVWgAu;TbbrsV;xAcUSQdGPekj;0000000000000
1957-08-19;1983-08-07;4455104144.8007;3181371726.4218;DloNCY;kgLDTURSoMV;HwIQdhIRJghdx;StEEQWvRxnaS;xW;0000000000000
1980-03-16;1996-05-11;3372719709.7698;-3789891715.7277;dQgvKcxqOndC;ympmtP;JvzOPzEPpsm;WYpPtckpRfYjhMxNNYP;QdXsUBttjXQtfxP;0000000000000
1913-06-09;1912-11-10;474989933.6264;-8424411924.4564;iYN;XrxAHEH;UKjBfXbgMvGvIhT;qWMOjZHijezbVWJ;oFEPZCTRPbuSbna;0000000000000
1963-09-19;1944-10-27;-4042310460.6541;4296722657.8291;YxFCDcFkWL;PK;k;JQVDByDLSWMPUqTauB;gbmeotyNAjR;0000000000000
1905-10-24;1989-08-09;1419714137.504;4469983385.2805;ZFnfwVXZtApcENp;RTNCrlGubn;uZUFUn;ETYimUJyh;lgbFmzlMGNHm;0000000000000
1940-07-07;1923-09-07;1479757690.0997;-9536185839.1394;G;YLKuiIojkqCj;JSMyUSytRmgIE;s;GuIRBtNSlmC;0000000000000
1997-10-08;1900-05-01;-9111568388.3574;-7541198570.5326;GKlwIuDOWnJvcgNMeY;uQ;CseZ;ZbHgazmh;IsH;0000000000000
1993-01-07;1934-10-14;-934695119.1553;-1023248348.3756;MJiBOtQXNsZjcIN;KEuNTJWDjKfKPM;hULOVxAyBqjjfeWzZp;JOKMuUvHaMvYtKF;tq;0000000000000
2022-05-28;1990-11-21;9800141907.4182;-3622150750.3903;OAzmT;tKve;MNSyPbOXvu;hRaOymoQclLGjAjzQzY;;0000000000000
2000-12-31;1954-06-19;-5465680836.7215;-271474726.833;HZO;oKoeHFZWNcjLTMQdQHtW;ZmGFE;lIsBxPqpPCRe;tufYapZBelPszjSV;0000000000000
1927-12-25;1941-06-25;-535053021.1756;-9847774625.5623;fKeusnJANfrKSpci;EWrMTYsGczoBTi;lyoE;PWzVkeNfogJgDOYzfRrY;xZIY;0000000000000
2017-08-25;1927-08-03;-8422921096.0022;-1617556406.9222;UX;PayH;PWQwri;fosB;lmCqRABtxceIvYi;0000000000000
1971-10-19;1940-09-11;9347777491.0509;-1398438042.8079;VnUeXklZYemKknQ;VPkUyYGJOCkVZZGa;qCytehWIhOlyOxcLjJ;EuckbjV;PMvQQFdiAo;0000000000000
2009-11-03;1948-02-28;-1848452991.91;5751731467.3202;AfnroDCGFZ;jbWQPPgNV;uMsx;tGZ;JohLJeVLk;0000000000000
2019-12-05;1917-03-04;-9390533169.613;-5202962326.0467;PIWbmImTc;;miI;;KcBXnRMi;0000000000000
2007-10-08;1988-01-20;-8504866287.5233;-5861044669.8018;WfBDTGX;VyYTQwLkHKCgjDHq;gFWRyxDzfSkHWvZuqZBu;DFSsHlXQ;hHqLkIBlDTMH;0000000000000
1951-04-01;1966-04-12;-8510939864.9756;-8329673812.6566;FvFtzfstt;Ci;SzkpR;nB;oHiwCIYVDfk;0000000000000
1977-10-07;2011-06-21;-2533983748.6321;-9737369085.8792;N;vbM;WrUCiB;IZmVQCFMcDs;WsUxNuOUyY;0000000000000
1956-04-02;1900-01-18;-6309571933.8766;3292670685.5593;;QdCVjHHJZQVMBCdiROb;BCKSFAujKAXftBsQkST;BxvqibZXbBnnaqIt;jGdrbOJApzspGsOX;0000000000000
1990-03-30;2001-04-17;-7422294071.3953;-3273559421.0624;;CFyxrUZMpZkPmSmf;rpUcblQdFes;lZCTCTuEeqUZelx;nnUYaZgRTBRqaqd;0000000000000
1963-01-05;2003-01-01;-5273797898.9968;8854087308.0996;xQGeZvDiBPgROsJ;jCba;tsRiTZzPViMGbqy;OaIEOwKgoRRTxCEdTZwN;peRazrsxPOO;0000000000000
1916-09-04;1908-05-04;-1855703618.8152;1901881015.2843;UbzahQyxMLAhtuk;REDGvLFjVtcF;zxebvZvmQSAxNycDS;fFpJzTaLWvNs;gjUnSBgnquJyQ;0000000000000
1983-10-09;1955-11-27;-8592602926.5772;-2963373403.7649;LSoEtCXiYeJkm;iuYKh;blPiaA;WECzMZ;binJMQrMW;0000000000000
1926-08-13;1945-01-19;-3089318377.7;5674431675.38;tQpxHeiMqfI;nHdFWwHOtsWeS;uLJBwoXehLhLkvJMxS;IZXtXamBcTWZdgzQJqrX;DRkJerudFhXnoOOd;0000000000000
1996-11-05;2009-06-03;-7046942735.5813;6956104001.1583;EMYt;DFiyJmWkpgLTRrAyra;qXrUvBquOnv;EgPkv;IWjq;0000000000000
1913-09-25;1962-12-09;-2385802041.628;-7478164245.0813;hXGBuMWrhAGGUyol;kvWgZwcrGQuxF;kmY;WMrNayTwp;yAHKKGsrQco;0000000000000
1900-12-14;1933-08-23;4750975382.7466;6951034079.0623;JMXdSUcbBThcbT;NHVGqjjcDWJjJQNdVHsN;kegXMJuaAhXiCfEJ;cWgr;JeWGnLPdqcoLrDL;0000000000000
1943-06-27;1915-03-15;7485525875.7987;-6493481309.0136;XFMSnQvnZDbhlfL;yiCZTiydKulD;hjRox;AmP;P;0000000000000
2026-01-03;1980-02-07;8588477724.0139;9574790809.1068;pAXQDEvKs;sBmuCr;YjnzMNcwSzdLQvY;FcpQrrPVe;mXHMXjV;0000000000000
1991-02-17;1945-09-23;-7729752863.7584;-7124113377.3379;NwUp;JCvjPtt;aGmgAOBDaHZAR;W;MhlDQQcYsUTyqNLG;0000000000000
1953-10-13;1966-10-02;692247042.0465;-7755628534.9117;WS;EAh;lCbgqrbDajtvx;PHUjmG;igYMXMbWQqrKCmHz;0000000000000
1915-09-13;1947-02-18;-1728597980.9837;1470563226.6291;rXHzmupIga;IGtmRqyfHnMnPBFZmaU;UGHoePWkN;vbnWH;kXgz;0000000000000
1907-11-07;2027-06-29;9296038011.7524;9960299098.3921;FBm;oerUqFbxzKtsPaayOqXh;nnhLkYYHgTpZFpbvJYB;ZtKA;XFZaAsTxDfaT;0000000000000
1994-05-30;1952-09-28;2092296663.4457;-9974848817.862;zxO;yrDCogeXgEoUjnNSu;;K;NRXklGSZuGLDzzxsoF;0000000000000
2017-09-17;2004-06-11;6195942611.8858;-8421571360.3149;LsRLpscX;;VxBupHlokKbmjngIJhf;foyDtXqPxgKbnO;pK;0000000000000
1902-01-31;1987-12-28;5069324876.7091;-9946037926.5376;APlMaQhL;UPQATIQrGKsmdZLGfHg;FEYLjBwr;myMfEc;;0000000000000
1975-12-10;1934-11-11;3106044370.8008;-8579457643.2601;QHSQMZTXKVmpCIGjw;;VSWKqpTsWFEbpatLkGI;vxnqrlMDEZCOYI;XOVWn;0000000000000
1994-09-21;1965-02-14;-2443407572.9821;-3224085866.8976;CMyuzkcZIWdq;KgmUMUIGFQUxN;PORlqbrfs;UKT;uVlynouqUFz;0000000000000
1937-12-27;1952-08-22;-3652233418.6742;-3660120139.7988;TNI;Na;oAFgchxvKZis;NY;pqmtTButYKBhlwua;0000000000000
1967-12-19;1994-09-04;-7810093435.3753;545447755.5803;dqTRXkxykPxvGXAzBTZP;EtBlQrBtomKETSMeDvR;zRqGYSgukOLefJLwjW;rsikliif;jTioHZMqtxmQ;0000000000000
2005-12-07;1947-03-22;-3819350119.409;-3967060618.1955;nmKyEOGpyvD;irCausgzOtZMYS;wxmqMJOXIIvRiRLRdqV;HLTwmuH;cswy;0000000000000
1977-07-11;2014-02-12;1772945797.722;4197253034.7875;Z;CLoWxkhOebMTfswHX;BBvOY;xRoHsATdgWDTijAHw;OSOavfQN;0000000000000
1949-03-19;1959-11-23;-2226722640.503;-5187651000.6646;vCD;;xGDljxwoGoeXCoXjf;npBLAbwZD;FesZPwgc;0000000000000
1910-01-31;2021-08-29;5013002306.5365;-6974259562.339001;KkuxxWawZuCyr;rsQjSHiwVUrukIa;DYKbiqvsRV;bjfYPdGHczWfWduS;uglsjNXAfgNK;0000000000000
1963-04-20;2010-07-12;7405143902.5393;9971983649.4634;ZfddEhsrEjkL;WM;JXuLBcpwovNva;;YWnYdvLVpHumswgQqUl;0000000000000
1960-11-13;1940-12-11;8642384997.182;7535229295.6438;sehRjFt;jFLOgbENnTYvTX;P;HztaPDThiXEfQ;IhxLwVgClvyBwJhd;0000000000000
1923-08-08;1963-02-09;2049794277.5663;-8462222101.9764;yyqqMc;Tt;ppYWrlSvLhad;V;ismHcO;0000000000000
1909-02-13;1952-08-07;-432477427.2696;-4310176918.6067;ASlkeWijCq;qVrs;umOOYcETaEzV;JFFvbWyFDdVbACyhZ;HVo;0000000000000
1966-02-04;2028-04-02;-1780314241.1254;-7675036958.2328;sCadmABWbPIgbkD;ZtdfIZi;xHrbX;WueooUjHWcRz;xvebH;0000000000000
1943-02-22;1960-10-14;-1560012385.745;6423623639.3036;P;zLgaS;GJVqfrMhAhkuMbT;GAxQFhbotlBZkNzOJr;SGBBJcHbZeDZbazIiX;0000000000000
1927-11-21;1943-12-12;-6965786993.1194;-7919432385.7977;KupGYQVDgcMiDbWx;mGv;s;SvJccIiULXVxcfMZWmXs;Gxv;0000000000000
1912-04-22;1958-04-21;2572389759.7317;-7416106075.3045;FhXCpnDmemQKlOCrS;yDWsbFBuO;EtQDrmENtLeMPjeVnoNL;;fAylWq;0000000000000
2008-12-07;1922-07-16;-1616600366.0243;-8702739096.3068;FsGjP;EfxOOJfZqixOaCNWyNf;rTIAMCXnBZwFuhA;iWOptyNuA;fTHfDUu;0000000000000
1946-03-02;1974-07-04;-7702094373.7305;4097278956.2082;AuSmVPYTWfgppOH;yZyzKMX;HnatkINrCqXeBMUKYxov;x;dZgPKWhfRKRtNQ;0000000000000
2007-06-27;1993-05-08;-5948350297.9624;-372527837.661;piiqdpiNehi;pcIjtkquCqjshbrvJEL;gEsqyg;nioZZOOlExuVeRwZAb;IldhiRG;0000000000000
1903-05-18;2016-01-12;7577909898.7632;3361589740.323;XqziAKS;mfTFwZVNaw;;kcGibS;umPcWEds;0000000000000
1900-04-17;2002-07-24;-5326515833.8492;-3662202895.7622;diRYTXbcPmbOPT;OJcfezpEFPWJw;ARmHwHCtcaB;GfdiWYkdYfQkwJdQAMlB;FVVcOJKCjEh;0000000000000
2020-03-06;1963-01-01;2162006608.3045;524559904.5302;yu;uMbedaSdA;ZagGHqlpRBwbQ;WryGZT;zgDPCsk;0000000000000
1987-08-13;1940-07-31;-2195327000.5368;-8402315677.4142;rIwkJVtmPgrSNytU;SgbfNvGuAD;FsG;fTa;GVgvYjmGLETO;0000000000000
2029-04-30;1990-05-27;1659188800.5449;-509451578.0901;Rhgw;tKAMCGtRAukGy;bASKWXLCgo;kujSqCOkPh;nbHEhIseaXVCXNn;0000000000000
1962-05-04;1975-05-07;4576249957.0051;9988500317.3725;hNUOeVQMz;lbsJrZK;woIArrfC;CTaiUfXliXiZgR;dQutDYpZSazRXucQnZO;0000000000000
1920-09-09;1950-08-23;342339602.5197;7797272280.5125;nanflIvYCzYJIMXUUp;AwKPOpd;gcp;dtejczBqJVKTIRV;XNGZ;0000000000000
2023-10-20;1959-10-05;6456540608.7168;354491960.0158;WbVYHhMeIjqsE;hkPwRSfOToIOyUyT;IlCmXbqPbHeSoRuAOFAv;z;KWPYo;0000000000000
1921-08-04;1980-01-02;-3492449177.6208;3707990548.6623;wdnDkhVOvpuEYL;uRRc;CwZw;gHUQj;UaIXyMzC;0000000000000
1948-01-04;1916-10-04;-3735657330.9623;4680878299.2231;OBKKWuZqe;QBPcajiPuaiZo;zlaBo;sa;VlxHCDARhEYw;0000000000000
2021-06-30;1976-08-20;-2898029015.4305;3029542579.9427;b;LbGaHBtIxsdWi;POKfIGD;TjjZUf;LRLChrwjBSCrJJRkS;0000000000000
1910-08-13;1971-10-09;-8097603428.9469;-944191656.6108;;dUvO;;;G;0000000000000
1959-01-07;1963-04-30;9666708845.0232;984456651.6061;rRLtRGV;ZZzXdPEJSoGOdnJxh;ySoWUueWzS;oqcCtLSHwnSpKk;IAEG;0000000000000
2015-05-09;1971-06-06;-6724711877.9367;6773663468.7244;oAqPCrwwpYqQKytHpltP;wDNkWospCsotiA;iMZGFJIZcJMIiiDLup;YbiKKmROIDDimCHua;F;0000000000000
1941-07-11;2027-04-10;8737271189.7597;6118045822.4971;pfRQThnVo;cTzhNNFp;suHVvVJAHQB;gmIzsHHQkmkbKBFzIsu;wlMAI;0000000000000
2025-02-23;1922-03-31;-1082902529.5937;-2631430770.943;zA;qENu;fUGdVLuJKmYD;MQGwTEHnwtvnwvHi;bJrAvIDRnkb;0000000000000
2029-08-30;1968-07-31;-3852343010.8689;6492245114.0412;bem;KSYsj;;kGsMgMi;LOkPVrvStFWirYJeeQZ;0000000000000
1963-03-09;1991-10-28;976859452.6872;1719748471.9039;FvcwBwqJMdugcAat;Rbtf;ZPIZOzBcdGhbCIGKh;Ijbb;jQYKB;0000000000000
1941-10-08;1970-01-04;4929336767.5909;-9544573662.1802;DYYZKcDmYbuCuu;;ERpCeG;jxUJ;WkdRJh;0000000000000
2026-07-20;1952-09-22;917252385.5812;-8653913286.1238;xzQWJeOJrJg;TtjvAkSmWNf;hjoMCP;AnzBbNzSgyMXkVx;IKDmNY;0000000000000
2029-11-02;1998-09-10;214032026.1961;-5032015230.8688;LVcIUpEWkMzWFWi;adEmIfGOyEcgQHcxy;NGerjviqj;L;qHfWxKiSzImayi;0000000000000
1957-11-18;1992-08-22;9444694075.7608;8568098018.2319;vCMocHAnFbBkur;QNkBytMvgVCj;RakJTYBJcCEuL;KelMVufttTQKLHTfkzz;HsUEg;0000000000000
1905-10-26;1926-05-09;-3679251521.1413;8434041621.8124;GmqGd;MBOAyncfO;cOi;JDRhJUqEnjx;Yz;0000000000000
1958-02-13;2027-10-03;-7491316991.8519;5788554340.874001;Xun;QnXVPCCCgeq;qqUsMHqv;CazPlyq;UFomkbsSwcFBOY;0000000000000
1992-04-29;2002-04-13;6130414731.832;5172060023.8346;FIyBZ;W;;sRQphqrzGTRKhB;;0000000000000
1981-05-23;1900-10-07;7544022965.6395;-1080978153.7682;jqMSUhWqqC;MnjFDSwrF;BJVhbI;;TyRUJlvEjckFNMbOHII;0000000000000
1987-03-10;1972-09-05;1783486448.3520005;-3936221542.189;H;HlcHTKSoJyRYgwwMPp;scLK;aHLyte;gCEmJqOMyfVYF;0000000000000
2026-05-09;1999-02-15;9711673572.0818;-9331691175.3469;;TwYVCMnAhdvmSIHisaO;FCjcZKVjFLIqeLyq;BoDoLyfYwUoEXTp;;0000000000000
1986-01-22;1931-09-14;691888093.1567;2248684949.525;dObriXxdfK;PaqtidmtmACP;LfcBgRWkHGt;KwEoesjhjHkpkbNNxq;Rk;0000000000000
1911-11-22;1997-11-18;-2937181591.191;2358248624.2975;WlfWhCWgalst;rDhoqpezCJgHAOKJR;qRyLIaP;XtYyCokBfGYLsZMP;ajIAQ;0000000000000
1976-09-01;1903-09-18;-9338246693.1846;5463271068.4495;VtWuJLbc;IGsbsMXZEOZoJH;tBstN;vXdjZVCuNScbu;jTaBDUQuGQptR;0000000000000
1927-07-05;1910-04-09;8137990823.1604;-5812122519.0797;kUPILFfgHbCwg;GxiVAJk;jVNnaFVyKkMy;MCWvGzLAPJ;UFtwnukNTpbf;0000000000000
2003-05-13;1999-11-29;9578707111.3376;-6837503604.9795;YPvshDRx;XDVtCcZNERnM;euzexdvVxIdJX;HIbwBFBY;xWSeBv;0000000000000
1945-07-17;2027-08-18;-1681360871.7013;4512378141.0537;sqfAJdrkUTdqb;IWtWNrDehLeitVIbzOC;SXkhpyCBoHxBqeiW;cQSId;N;0000000000000
1965-04-27;1966-03-22;5243115495.7917;2479828408.4488;KOuFyqdwtfhJRZyR;QDihXOAULcZjBEdtJa;RoXTEOwSQWxtADqRy;ZSmhhczTeCtEveN;JqLKvAvElyq;0000000000000
1991-06-19;1937-12-17;-4455982333.0277;-8319543763.895;YnORnVBaCsGyBOc;kYt;qVBXHdwpIMWZzaNEWF;KDaswyedSNHJuEGATU;aposMfQQjyeAH;0000000000000
1922-04-25;1939-04-18;8616357452.2199;435084461.6959;b;pNSMrxpUMfbJkvSN;akQj;ipTnVChaOGxCJCWx;rCCwNvXUzyuraR;0000000000000
1978-02-21;1927-02-13;-8899124079.5553;7533250793.6292;hIzkn;NFAzrnwKmvXg;VZjfxCBpRYVF;jliLgzdqiNwRT;RdBdZegO;0000000000000
1920-10-21;1906-11-18;-9241440606.8501;-9854813039.1318;ElkEqQ;uae;yeJRFlAp;zeKBISfZduLNqOOc;QikBJUaaqkqJbMY;0000000000000
2007-06-17;2026-01-28;-7913644871.7378;-3116385710.361;EkHGm;FOBmrowyucWXBVV;pONzoEwfAizJGxuJ;sm;RjONfSsVPMDKnc;0000000000000
1943-04-03;1909-07-22;1780694812.3209;1223190982.7771;CsciiOrvxSHgXimoH;QQsef;DimHlNRzJLpQWuabDLNx;vLild;zc;0000000000000
1971-01-27;1966-06-05;7745054361.9671;5261303814.1126;btTseM;;ARrrWqABfnwHAc;QkcQDQtltKGb;SecGzGFIKYSbnb;0000000000000
2007-12-30;1952-12-21;-6893601127.9163;-3750153396.8169;gCfxT;yKNJy;pmEYbJQpJGrfLA;bEyJamHiJ;zMVVILNRijAwcuty;0000000000000
2025-12-25;1974-09-15;-1289754701.1605;5357510921.3889;;uCJR;IzbPt;FVItIUv;eZOAbyGWGQL;0000000000000
1942-08-01;1983-01-26;9818546056.7425;-4851944919.6067;vXikcBFfPmbLVEHOHkQ;wdkEoq;ndEXBFZtZ;lAAcxoXSexCO;;0000000000000
1911-06-29;1918-07-24;-2378852526.4365;-7796153674.5372;kxQMDAOkBPAXCHznn;tFlLjmZlPA;;mgxnq;UpvhagPdMNCnmkJ;0000000000000
2025-04-04;1963-04-01;7529276073.9966;6433597280.7694;hr;PK;MThQdQuXJNevv;bMzvFPWInpLGIwGBBXj;VEAlVtMIBOF;0000000000000
2028-08-12;1916-11-22;3722963211.8514;2129607783.5257;MjpsnxGnWdnvoKSqUs;LRJPLxDrl;RUB;gyGgu;ixJuOuySsyYj;0000000000000
2019-06-26;1936-08-06;2718091339.7815;1588361958.0482;Ddn;eYpxbGbfUJmWiSaqjJsE;DeGNpwEmWLkbVWTJVVL;k;LRXMrGNpZKV;0000000000000
2010-07-26;1922-12-04;3196255220.8955;-9336164254.1334;QOEeRyvcflKrWBSv;FtpbZKgfUtYWnQRw;oySzPiiRGiECvDcUZi;oDLUarRkCNPS;YdUlWLHWFInTLMkWsY;0000000000000
1964-03-08;2010-07-11;9021073780.1564;8313661149.1023;;gR;gCojLJksw;imn;KtUItiyKvjwK;0000000000000
1960-12-03;1921-03-27;7819683026.4173;5168260197.3978;lYdABmqcJeAmxLo;KvH;Fq;ujE;X;0000000000000
1972-08-31;2005-02-01;2434038844.4288;2180839877.0296;nDZpydxX;zPogAHC;kVRFxyMCACnYZJnyEHz;zjAzBIKFXjTCUPxMA;i;0000000000000
1913-11-25;1980-04-14;6872809282.024;-3926722075.8648;bBo;KkNJMdyoq;dyCMrBGjzjSSmGtNWgO;ZcTjcQurHkvGUEXEwJJ;qft;0000000000000
2016-11-02;1952-04-25;-574519275.986;3276928740.6196;RnffGJ;F;RYHonrbVqQN;EMtPasLTgq;zitNIpFAgYbx;0000000000000
1979-12-22;1987-11-15;880526350.0082;-1476385474.1411;JTykJDSCx;zBVu;Sztc;UCpc;wvjSMylaRmslnGPzLc;0000000000000
2028-12-20;1902-11-26;7324877150.2146;6737314772.6086;TQqOWFqVME;YzmOaGKYSabgTuZzggyK;yeXDKjUtTl;bdfHDrsbnMhZz;HAowUHkLsqjDZYoh;0000000000000
1990-01-14;1946-10-09;5985617590.605;-4644577773.2701;emMHRvUVFlKUs;yCFTgyXqFGMaLXmyIwj;;cqehptzLQCEvVdHqPum;thItkzq;0000000000000
1946-02-12;1945-04-15;-1836553362.3255;-1588213474.0258;g;fMjmHMhWXNxwCjYs;CsLIXkxuBuvCCn;YkQ;B;0000000000000
1922-07-21;1933-11-26;-3919634368.4259;1026499731.3656;gqDUfrpnaRnDDeKnXTc;eJPpFVFJebrc;rvXVVLPxyPYaKUMkevM;I;mhbtJihBiYg;0000000000000
1906-01-02;1924-04-28;-6273163205.2126;-7468383938.9787;NrE;VMYGMRbgUtamGN;DjbvRiaoiXHqWKieSqCA;PXIIQ;bWYBFBrGPOoAHh;0000000000000
1942-06-26;1988-07-07;-2821970322.2323;1825474857.8115;Ghp;ZxJBrkRBof;OSyFZeISYvst;NYAZbT;QmfKfqR;0000000000000
1946-04-04;2014-03-25;-6132410137.9838;2042022481.9494;dINwvIKsldzTftFlkM;HApfF;GRKwGZnsXggRLZUxzlGO;GXsKuRRNfbrnXZOPN;FIEl;0000000000000
1962-04-28;2005-02-21;2917032446.1659;-7060138081.0046;XXNfBvayPsiCm;VqAdqoJUWACT;yozPNKoaSdlDu;ZFnZidUEwE;TwSwtpof;0000000000000
1985-09-02;1923-06-02;6131673388.492;5659899755.2938;DGMqxGOJWDkh;uTemTizvsEKXy;tWBOpJcaEijDw;dTPGWAlvLFFkDNlac;qOEobiYV;0000000000000
1911-03-05;1968-01-24;8625536269.9138;-9421044836.665;dRtpqn;WuiHjbBrN;fXbcESrENaKsHFDZhGc;gDPxoOdouoJJzkaiFI;qiizXdNLVequhc;0000000000000
1938-07-17;1983-05-29;3598009563.5335;6495595567.9585;GeXKsthXRGcpWlq;OiFSoImimOG;rFYZmkiAIhzlicpeE;yugbYuFYIOFjCEY;xIIUhrjQq;0000000000000
1926-06-13;2019-04-10;-1928790463.5359;-477338256.8478;ovjRMKW;TNVVfCUVDall;JENdvNFtFfkPPsvbCjpM;IsdfJU;;0000000000000
1984-10-13;1981-07-01;5952889954.1458;4342623145.5069;GCWCBEDN;zqkINUoiTinqrQsPiIRV;;ZdZUCjdaBsiuuk;dzvCLLXfhRIbWZnJIqjC;0000000000000
1975-01-13;2021-04-06;6481420083.1294;3329620887.0517;iyuiRLlWfXCIhNeEGdt;xinZsiYbXBXn;rWIatSRI;rQkvfp;MUrfEksoKZA;0000000000000
1988-08-21;1921-07-16;6020111034.4636;-2081986158.8062;eVoQKSbeyLsn;pHMzAtRrgZ;yC;gnlcxHHSaQqGIpPJ;Jqvaw;0000000000000
1928-03-15;1972-02-25;-3050023725.5338;4544026237.4966;bmsKVvKwmjha;JKZFGgvNkqkPVYz;sl;;Xnqx;0000000000000
1902-11-24;1962-09-10;9949938547.4775;-6883434398.1596;bzXipGAMksplYD;AvNx;lQvGGdJ;IZlw;BaTNdCktGJzQjx;0000000000000
1905-01-25;1953-02-13;-8247060249.8212;-582678022.1122;DpVifjz;yTQftH;Q;rk;TvhtbcF;0000000000000
1959-05-18;1996-07-17;-1891716617.7379;-8758237253.0678;yzHVQX;qyuz;HWcrz;ZorFo;vmGukSbLZiprQTpY;0000000000000
2014-02-03;1945-09-09;-2589757700.9691;-5787081204.8586;mconZNiBKxglgIFyf;OCgxsIG;;xgbQNoQ;twA;0000000000000
1970-02-03;1970-02-23;-2702507585.5215;3921902711.8551;leZpqLweYqDvPYvMWRkE;pdcdqfpKhfiW;YiwszClIxWzGfsi;BCGrTl;ICiDbCgbHPh;0000000000000
1968-04-25;1965-05-30;9097921796.8699;-8122799247.7878;;xHHMYofiKNW;;DrtgqLmwYinPbG;VYDylmWXqpapYpd;0000000000000
1970-10-02;2028-04-17;4680292287.906;7768996720.5334;URvvHwwVviri;qirB;uWsvMTHWpc;fOAnDrjDacWTcvHm;xnlhMpBwcxgEXuTAwg;0000000000000
1967-02-20;1916-05-30;6742165579.8772;8859189008.8061;edusA;iPnuoxXFB;jXIEUouQe;zspapFGtiZmAnYNWaTq;bIrsoWPazYadXOf;0000000000000
2015-03-25;1993-07-13;-4875392494.9659;4694398203.3956;ECMbY;ujfQJSMa;qNiIzchcNVVldeo;yJDInGcEHsM;G;0000000000000
1953-04-30;1939-08-06;8462927894.4517;6889272463.9243;pbHVPSRVVJelM;shMFpHeZXxvK;IYwiqwZsLzuNkTlok;UjcxNNHPeIOmpouxH;sDJv;0000000000000
2006-07-17;1994-03-29;-9543817435.1494;649392230.6341;jCilcrF;BtKVadRGTSwlRbbjuW;GJHWMPxxHIjgeOrqI;MkPLdrBpedJxUWW;txjsAAJJM;0000000000000
2008-03-11;1950-09-19;4545426782.6601;618525960.222;NAYzwrYQCkxPclKvp;kEOFkQbGOqeF;NCtsCoOiAKpZEzkoMt;VHEJoQtoyozu;F;0000000000000
1977-03-31;2006-02-17;1207681519.1833;1528805142.949;pbAyaavpk;;WOiqVgkmlf;HebVKnk;MboiZwu;0000000000000
1925-10-18;1958-04-16;7555057752.0261;5880414265.5532;AecojqhRRK;HOjhnBfhM;M;uKsSlUqkojJX;rRIPqr;0000000000000
2000-10-16;1940-02-04;-2738268851.1724;-8857119768.8462;;eNpCzKhc;n;nosHUvTes;QPYcpoAK;0000000000000
1900-09-15;1954-11-16;4534829517.6571;-1036251547.5161;QuDwCbnQTYr;V;rc;kDKzGaahuJJfPoQtNXsQ;uQqWXb;0000000000000
1906-11-10;1976-01-18;-4742553767.2502;5370364081.8877;GNcYtmxFQrgQdLQaLh;WUeDmzsRKMDy;;zMcgJLzQRhYekubmwTf;lJjGphBuDcOWKgZeZCv;0000000000000
1975-07-21;1978-06-15;9528645537.9845;7114460806.0783;;OsOQDoALuy;QKYi;QiSMFcKyCocRWZ;JkHoZsSqeXtJVaorThms;0000000000000
1932-10-04;1919-08-02;3417733484.9979;8956851478.6254;;UWOnWl;QNyAuadDeIUkHmADDJO;MKUUtsBpFs;usK;0000000000000
1934-05-06;1945-02-06;7004869723.8992;3944114518.4368;tMhZtuaUOIWNPVxb;LwVi;ZLkFTofZdUtDeMfpvuGs;auMBoQnxfYMpeYCdcCzZ;kPKfPHmWhFbMkAZH;0000000000000
1905-09-21;1921-04-23;519136772.2859;-780464846.375;ZcLOdWumodvQPzDVOLtK;SNdDz;Bpc;SKYRfyBPT;lknyjDcwdBc;0000000000000
2016-08-03;1995-09-27;-2290620650.8554;1922529841.0474;sHVxyJqfJ;cVzSkjGuuqsIRiohrPa;cJwDdboAByvZjaKHHo;KqsSpcPlYYiDbVxiublw;SrAdVwPXnGufqBRDNe;0000000000000
1972-06-21;1925-09-17;54965634.9847;4593650845.6605;xBmuzKvuOJNNvQzRrtN;IZWFWMKZH;LrXvYXOFgBhxDtMIBc;ZPH;vTIdVXlX;0000000000000
1903-01-26;2008-08-26;4728296188.182;-1271914073.5184;u;cOaXrHmbYpmbzjSzrGy;wuFecfPfLMx;;zSVgEnqhbZycswiXe;0000000000000
1974-06-13;1955-07-11;5236946607.8094;-6720932236.0345;IgVnkypobhJpfMgmULq;njkJDdszwAW;xKswIxjPFwaRgCqKO;sjRfIlhqerUf;noZlcahHB;0000000000000
1991-05-25;1978-02-11;-1969723713.9081;-8496526400.8104;;znuXMnmKcoCXkGOuRtl;JEdAPqIwrk;KGzZHKxBxNvKRQrEwVc;tPJcoxdUsMhwTAP;0000000000000
1992-12-02;1949-12-20;-3359496493.7933;4360421972.8212;GoyprEMKHBLklWtwmzfh;uqsi;mUHxIyEsgJwNSjvn;XAe;QEaGFg;0000000000000
1957-12-26;1977-03-14;5423547616.1668;-2265405712.1951;XbJDarqRGtjsPjHW;gnisu;SHeLZC;nOARvqZfHWoteaFhsr;y;0000000000000
1955-04-06;2019-04-24;6367932062.2753;8698527761.888;XHcHptDHpRrCdqQt;iDq;TWObHJsJeteKZuOT;OoIX;xUXZfmxJNCg;0000000000000
1935-12-22;1918-01-20;-9371281635.6454;-9774994875.6241;cpOObPohq;IHdyPVfZoGi;Vp;uRiZYurFaDsAOHhtDP;kXRFvFdmbgKHGiR;0000000000000
2022-10-11;2000-04-26;-4816325549.5263;1544679079.5457;PkDFJIBqKjlTrYmjKcX;WPbmJlfSEZzfgSsEt;qcdfH;zFQEJerGnF;ZHRarGuUBCWuvhpQUUUu;0000000000000
2002-08-19;1986-06-25;1891576421.8805;7918918243.5366;oOpsdxfeDYy;WvutTHCrvesYXrgmsPnh;h;UDIxgV;PYUQLvVNxNnfLevUz;0000000000000
2028-12-13;1952-10-04;2510883855.8777;-5567283838.2174;ngXJVIvfhFBu;;BlGKq;N;JAFrNqkBfOnLOEUHV;0000000000000
2018-01-12;2026-03-31;-5283138663.8568;-3373333088.3764;EZGcrotqYLTZBPX;JMKQcjmewJsLrb;ceWsETTMMgjBpUcCFP;aKQDCHs;RHLZMszHASZ;0000000000000
1952-12-19;2003-01-01;8968641.0934;-48289353.6277;ejBTjhInoJKB;B;JzoSYZzktikVOGh;sKTikCzSfmSmvYPW;QPfCg;0000000000000
1956-10-12;1919-12-31;-4296233489.4638;-3070122569.7805;iHStJDaeMzGcW;EQeVbguQu;ecDyty;Qoa;JBbSTirtQm;0000000000000
1981-01-24;1959-08-13;-8889851666.5855;1728315514.8;BvMAy;HOSYAGNHAU;ZYmXeoh;PsiNsFoSbBp;rW;0000000000000
1942-02-28;1992-07-18;5578229720.9554;-1226029352.3085;hjAOetHCAcCfWmmI;;rlZTvToAqRjDzpkxC;zGSGswLFszYurGAOVA;Sf;0000000000000
1904-03-28;2019-12-30;179753012.3648;-8961130121.699;WibvH;KbmIfDRHVdkdC;NEleVbRBVLrRNdmljY;wKFk;JYYOOdyboldtdfI;0000000000000
1921-05-18;2009-08-06;-6096633017.2633;-909375051.5755;aF;oX;Nc;ABDBwjMkFq;uKowiSES;0000000000000
1972-04-27;2024-05-08;9073061813.9761;-7862233829.5496;oxHy;kNJZZGtoMhbW;UFvY;ybayoVjLRw;vjnrDhe;0000000000000
1969-10-26;1937-05-18;4595929578.6427;4520347750.3079;GZflJF;FmlOpYpsyhaJss;shrHpRrJfQstwWnI;YqTJEiG;McMhxJBpaXTorbkASFTu;0000000000000
2026-05-04;2009-05-04;-4612479095.6947;3817135464.887;fLOKYaTqrHznqTb;ssFj;jbiIMj;H;PSbrPUaz;0000000000000
1969-02-10;1935-06-09;-864090794.9088;-8898064143.9617;MKrP;OLhQTyVbEvwLOiHFEk;sDAdsjSCeG;adAppDxiQyhnHsqtMRyA;Ii;0000000000000
1986-10-10;1940-09-21;2833089376.426;6892520699.5481;EwtKlklyUpQkCuK;nLrkNBgWKfoO;FjWYOsXdvzDRPnnBYBO;UjRYeP;OSJuaUOwtWsFzYl;0000000000000
1935-04-08;1987-03-11;6283605958.2286;611979332.3626;mwJWeHsNLm;kjzrZzyDRYQgPjw;Tqp;AfYdKaujnhRkM;LOf;0000000000000
1951-02-02;1927-12-29;-4292063451.5267;-5388834361.8515;VaozfyScBRkzp;AkAnmeSjowknee;;JXcRt;;0000000000000
1909-02-17;1949-12-21;-1436896180.5123;-3313785250.0923;AzfcraWhteFzDXuStWbl;guoBh;uIvRlsNsaCflIMAl;fnxOa;HqQNhOxBHaUEJOMXu;0000000000000
1957-09-14;2029-08-11;6815005585.4478;838039354.7101;PdnhhEQqGw;GhtqwPNYKH;ItqkZpiVx;exYSU;FxsWEexFU;0000000000000
1925-11-06;2010-09-26;-6557705578.0973;5000265802.8159;sqmJBaYRyNWKir;hr;ykeso;SByrVLz;zEvoeMFzitcxBBuWAlFA;0000000000000
1908-02-21;1989-07-11;681152335.7749;-8270551333.1172;UHbkNDqgvQEN;ZMXRAoffkSd;;dAoiawLOoZBnQBmXvgRM;oUoVrDsyzJGWratqN;0000000000000
2003-02-18;1920-02-04;-4890454434.4872;8446438295.695;jfVldfYbmdzTLr;IKutQhst;oRhPqweHqVszMuvULFgv;;OfJHCLqpjfBXcmAYwIWe;0000000000000
1918-04-07;2000-10-30;6234619593.4777;-7278416708.7116;SkEHaIeitGOA;AexIzkdatYEGXlqfSmTR;l;;apyTDtLwqa;0000000000000
2016-02-11;1963-08-13;-9574124818.6517;4959393643.4538;jSdsMAc;OeGLsDp;BAJSC;rbygkoeuzNkiz;IzeNz;0000000000000
1923-09-25;1981-07-25;2143451931.389;-9194462944.2467;TKARUyMpbiQTIk;TJqfPOBH;dFDEUdKUaRVVWErD;Tziir;QfnvL;0000000000000
2005-06-03;1975-07-24;-3856770436.6799;820271832.4297;KtzWlazveI;HlmJZpX;BDwqkt;T;Z;0000000000000
2013-12-28;1942-02-23;6848699496.768001;-8566932879.0213;SuFPJt;bA;MvOLvVNUFghFdRLyOp;pdveeK;utxhZHQzeBM;0000000000000
1901-02-25;1928-04-23;-404404868.3715;8390474060.3104;zczoXpTlFUgTzksNxXdd;PWF;tSCUFpk;TGRXFDbJlVTlcOJGZmN;psmh;0000000000000
1980-04-09;1916-02-01;-8058040509.5189;3975810717.9971;mey;RBjGNjBewHJwD;JZGffqoNId;SegeCwlxoEm;jusQXpNVlTZWzlUuhg;0000000000000
2005-04-12;2015-02-22;-1182179140.5565;-5676379166.941;vGlymhrCAyVBfXxb;NO;SFR;myFFPjPDuMyR;EMh;0000000000000
2020-08-21;1928-01-02;7257616302.9554;-1415153415.049;fewSnvaH;BGUvEr;MzlutrfaL;ozpXUmqeBgBhlqYgcPpf;AD;0000000000000
1975-10-20;1949-11-12;1339232174.7372;-6008343462.36;VxDtyWQ;YgMs;CHmMNlpnqvDcbVCbo;PIB;hqKUoqFnbvYLqR;0000000000000
2001-11-09;1924-04-10;3679635620.1594;7431504057.8096;Nu;yYEmqanyn;cJJ;ajGjlTaFgLAG;JeXM;0000000000000
1965-08-11;2007-09-21;-8274072946.8256;6161866012.5824;sTWAxlee;;BrFsJaBIqOyTP;HjBqxgqgeXqtJ;PXGllEhWGzxB;0000000000000
1975-03-27;1964-11-27;-6622007103.1965;-1405635121.0306;xTPWpLomaffZUJwrvFI;TwjmYAxPZcFlPYUk;Rtllluax;WldzjbdO;aJyXPOnDIgFOUnwjggAP;0000000000000
1930-08-21;1936-11-02;9075303729.298;6069809691.1781;jdWseBQKqWoA;SUFuxRY;cCDiaDqzLnPsr;UrxVbzMYBPK;Hkk;0000000000000
1955-08-30;1924-08-01;7260586949.2416;-3401802405.8946;rSrbpRxmxgazr;BJBcYsYn;;kYKIkuIEpCbirXduGRDg;PSDFGaTbKX;0000000000000
1984-07-07;1984-02-09;-2053657099.3168;9509514851.8417;XwlKiRMlhKlkv;xmj;TEpiiCcbZrwVYAfL;e;eRWHgoZWSkR;0000000000000
1936-09-20;2002-09-25;-9566943988.74;-9736151292.4241;jJEBPlwAQJySeOHVD;hH;FMByo;iOAkIeFUgp;Zjev;0000000000000
1957-01-03;2009-06-23;6003475595.7162;9338943806.478;GwxDdQ;E;wHokRGhODzopxkxE;HlYIuEeACmnz;HYlSwA;0000000000000
2022-11-03;2015-08-04;2401250991.5832;-9697017925.5645;;cpZPbKZBbSDA;XmVIiX;rkzBHBnofBri;JsYnFyxiUsCcGXIhn;0000000000000
1913-11-24;1910-02-02;1033372909.0834;947018587.8748;keDQmBGSWPJvHj;SKJPBFp;rhIKSQ;KwhtAykEseuUwAJDpyk;XZDTtcHeAljgUHNAAvxI;0000000000000
1952-01-31;1976-10-19;1908451881.6043;-9336720220.8591;iNezdzxHxW;Kz;exsjOeFH;PcPHskyyaNjbCcGb;UcHkPRAZlFXqtPSJwhQ;0000000000000
2003-05-01;1917-03-30;4614633675.6688;1939731709.5444;HwaqgR;YAzgIg;ddYNLfLWcsMVjITCqlJ;qlfltfuRLfUJjUGbHMRS;pqzEmsbpMyTkeEcF;0000000000000
1913-05-14;1904-11-07;5229364126.971;-4787950603.771;eQQdgeAsI;T;;cGlmZZa;gkHmTkFPpDUxccHQtRZ;0000000000000
1971-12-21;1962-12-10;-3404398415.9637;-5389748220.0381;TnMNHTLekbYKBd;kSLSl;rirrfqtKzzPUL;M;deIiRpiHftAraCY;0000000000000
1945-08-14;2014-07-14;3124600957.3187;731040169.4126;NpFGLDWjvcHWVbgI;TMkjxFXqn;NXTEecEaXBqyHizykmMj;kePWjZsfvypLmNlBcCCz;hhnBsSYToKayIfASY;0000000000000
1968-09-16;2005-10-16;-352531673.1415;-5240516278.3352;NRdkMCLObRYXvVB;;RTBOfbtamMSnN;VeseGkoNtRLRQeYGViV;eZhSeSIcPP;0000000000000
1942-09-11;2026-06-09;7824925535.1458;-8531661529.2793;OKwafXc;YJ;xBOq;XAdIsKGumSRX;pMvhxerMlwdULmpsEZdx;0000000000000
1909-12-17;2024-02-28;-8223874689.611999;-5936598476.8575;hiKA;selWuAMTBi;jofBLAVb;vFzFMEPpcCx;STnEKxBOFbVk;0000000000000
2016-04-26;2019-06-25;6669168725.5909;-5418173917.9818;JdRYehlDJjYqWMsya;GfsMyWQqRebAaS;lfWnzwgzEC;nANOFC;LSJiCNgcyd;0000000000000
2027-11-14;2012-09-09;-9112060486.8776;2697804786.1725;ZbJyTilanbrOQF;MfrELQHxoHrKS;yIzbCQ;VcxUXiffdpClT;YdGQzaoEoQHODXsIiPVB;0000000000000
1955-05-20;2008-11-27;-6281566176.7925;-7695650184.2431;en;;Hwf;UfqMeCzStRXjwoBlMIl;TdJb;0000000000000
1991-09-06;1916-11-07;3086121030.3931;-9745737059.6616;ypFCUPErLgcrJL;lwRNHXsRyOuaAlq;kYKTttHNbIzJtsASvSBS;zkKI;oMdepKxeROpERUoj;0000000000000
1954-10-14;1919-01-20;2365026462.2921;-9835796760.809;yJCaNGU;o;CCJKdVe;t;TQTHesYouFlkQqUMliW;0000000000000
1999-03-26;2019-04-03;-6267693854.122;-7687812851.4015;RkiJorCa;sXhei;uvzDRmZGSLVWstCK;nsBIrCmxfiXalVEqBm;HakOaMrogNiHviFTE;0000000000000
2003-09-08;1970-11-17;2090972053.131;7123917131.4344;vsSNJIYcEaJUjaQpFVbH;YrDidHTyeXzMUwTqMR;XSQrN;WVkNJLdowkILyjw;AdSwsKpawmytSQgMJ;0000000000000
1940-01-15;1948-11-19;-4778224009.7351;2396232820.316;JL;;dSbXOQoPVE;gexkhVh;M;0000000000000
1905-08-24;1962-11-14;-3164774911.8312;-7904355493.7084;yAbQiMlQujNv;dqkLUpebWpwb;SaXKVPAFBb;GhsYymemm;SqIbEHRDsZQDgNj;0000000000000
2029-05-26;1953-10-23;143201557.1724;5890627641.3498;HffqiEqlwQGMIXYev;yCkwIBqjfIVr;nVjyBVvQyRBluAiblS;TZxHMOANIw;;0000000000000
1991-06-30;1903-03-05;6659996255.2465;2224832684.0354;QLhmanfvSmBARAKG;JwRBUnwn;bs;F;urTNUzzwBPwP;0000000000000
1993-11-30;1908-08-27;-1109732919.3877;6425369736.2315;kmOIGzA;IkP;;vDTTVCqCskuHEI;SqZTDPfTdgHEqqunv;0000000000000
1984-08-31;1973-01-09;-3831353217.5218;-6006684723.0448;tDh;GkJYV;PkOtIBLZwKDkgI;FPbjnAo;iyGHvnImFoFUGPGR;0000000000000
1908-07-07;1978-07-25;671942667.2664;-2402767657.8012;aViUhaicywYBhFfXTsYQ;DkHIENiQlS;wvYAEOc;zC;JfOOitwL;0000000000000
1906-10-07;1929-02-09;-5178956138.6343;4820034531.809;bZ;vNhHsqz;j;EkKaYcEy;nygnXejrrT;0000000000000
1963-09-08;1939-06-21;8986664276.2408;-2392373709.4121;duBJZSHU;pQgDUKUVNPhMtpAqxaj;;eQFK;GXZFYJywhiMKS;0000000000000
2004-10-10;1976-03-15;-9438043590.1654;8751099361.0155;IkTUepf;HEuIrpYR;ShtfsPr;EZGDYlcYIFghUJad;VniWrgBRPloshLmdx;0000000000000
2027-04-16;2016-02-12;462175427.3152;-7511951415.0508;qcOpTnMcLgAKT;zsy;znIoT;QjMkJCORrNqFgNNSGK;rF;0000000000000
1975-09-02;2028-12-19;223690417.923;-6306990736.6578;OmbzcxSTUGBRHAZSAW;TFXRY;AQkqRM;WfGUkDU;oGDRyqcqbjzvEGPogHYX;0000000000000
1912-02-22;1914-09-24;-5606440879.2411;4871720463.3098;PtHpQJebRVPDNq;WDbSYCwtmDrGFeXmp;PM;bnHZygxyDvVpDQo;;0000000000000
1945-06-29;1945-02-08;5373165112.51;-5767625968.2922;uQySsu;INJkjPZphAZ;cuLsqWqgGx;XTsKSgsdNLQZRrUV;KHRwDMhotBEZaUZeO;0000000000000
2022-08-01;1915-05-01;9766481913.5787;-6262181893.9575;xdbymrm;MfYhqIlubPdrhE;;GtbPV;kLpivMGAwSk;0000000000000
1985-04-02;2000-12-23;9302208694.8683;9420614148.9529;FSmzAdDAT;wWWTrtBEVPNgnrz;;RJQgbttcX;KagMaKPIVpNYut;0000000000000
1956-05-08;1980-09-23;-4012698799.2187;6575506169.0404;fyvNbknZPSSM;XVjaECDBTKACV;iWKaxDc;axQJduLbikI;HNbFiXFZDLQGMwvqqK;0000000000000
2024-12-27;1944-01-02;-3461427988.3781;-137503569.2969;HVCovTSpMdbOFfcrBfKO;tp;RNDxUfUGslYYcDxfkL;YB;H;0000000000000
1998-02-17;1905-11-01;1294549482.0937;1509563933.9821;zzkenrx;dcLn;nOBfjpoCKsvecwwwTBu;LmCTzcBlpjYehmVx;;0000000000000
1921-05-04;1934-06-26;7536558377.1682;-5275636130.0063;RbtmSBCgQSYoKlpGaRsW;zCpLUSQvZyETT;GPJRGENdLrJCkgGe;DEBi;ReMgwrNsnh;0000000000000
1918-09-01;1900-12-23;-8665979571.7887;2498006866.5445;f;N;UgEBehXv;ZAyVTlfN;OZCnpM;0000000000000
1985-03-21;2015-08-07;6817656022.7314;-6237954897.5354;YRQoQdWhG;;hApGc;;LeycLPlwUzaDd;0000000000000
2027-05-16;1921-11-15;6243947907.242;-3350000910.7305;;ROce;nhn;D;RiD;0000000000000
2005-05-15;2005-07-24;8421364893.1625;4791581319.7385;ujgbMTUyHZUPhbh;Y;XafrpATpLmlmskgOMTLX;W;BNYDo;0000000000000
1993-01-31;1938-11-10;-7389003416.7177;-8965620057.1319;nDpIsKe;D;RPRyDBAXPHK;qsoqGuBxkUXqzXJRDX;;0000000000000
2000-01-26;1942-04-06;-5769351340.9785;-4465376854.7467;mYMMJRRNsfWd;ULQkwRPEHzVjJhSGPI;wrFergjXg;ugcabW;ccwPxFCCMEEHJhfQB;0000000000000
1921-03-07;1940-01-14;-4367244160.3537;-5046257639.0228;znaYfgknNNLsiHqsoXDO;fPhrHRhrbhXhwtlamHIP;PknmFUnZPTHuzzGpSafV;iqpecudVKERunEJrysz;roYxyfXDPOyGxgcAk;0000000000000
1963-07-17;1961-08-03;-3198474979.6081;2216374698.0047;yZitAGKddKyWQWyjS;nZHpEzrWCB;lzFAfUQHsPyHk;yAzOuPDvjNgNjoZLz;dsScMD;0000000000000
1979-06-15;1954-04-26;8047732434.9258;-987225117.645;etKGfO;LsRldRRwqiBerc;KfJsLQUEZOqTznqV;OwrwAPSg;GTMPgBqVU;0000000000000
1924-08-14;1990-06-23;-5299063669.1493;-6161233653.1223;zWtzdvlOuvDBpPhvc;VSBCjxbDqYuJpkuGwfjy;PqMWcFVQjbSbcsk;WFU;fXktUgUwapIwY;0000000000000
1907-01-07;1903-10-11;-7517042002.162;3621191693.3317;pbewJIKSjvkuOoRUJ;SCtRy;FX;R;NyjvEXFoXSKwP;0000000000000
1934-01-02;1954-12-25;-7874864107.9055;-4538639220.7572;tpLrqvHJqceGhfxr;mXiTZQLKw;czLzSHLLVPyYBSbj;MWFrRXIpgGKT;;0000000000000
2015-05-24;1901-11-01;-3752649579.1932;-7811056522.7497;aRogVWeTVEgVKMpSEfoj;KByr;MvUb;OlmnfgxBJTo;xwRBIjytvcRVPkdCeuAs;0000000000000
1905-05-14;2026-07-30;-6261538316.9415;-5415475701.9308;sNqFE;nBCoWhaGeQgSaDpiWNkU;xrgsddJEiBPuYwLQBF;keFnioZ;Q;0000000000000
1937-06-19;2016-03-09;-3921016236.4462;6435756713.6437;bvHIYkGs;TyZmNaODrkAni;LdpuNMQjNRCXVw;ZBqif;UVlXPFRFyIsFyltR;0000000000000
1912-03-20;1976-06-20;6295706713.0226;-2501777518.0071;GCul;ncorgGDPLm;XbYnVuYfw;qOIPdUT;jJiERUGjDYsDOJppAEA;0000000000000
1988-07-06;1967-06-27;-2379328463.3474;-8705427424.1297;g;BWGafBbsPstM;CSWPzqN;UIgqhXepTPGmVeXsFJ;raXrmMCnzaX;0000000000000
1932-10-06;1955-07-01;475033711.1244;9090596622.5886;DD;RWBvuSQeSXUPOFgyn;GHKcdqjnBaptxNqNCDPy;doHVSXWIPzN;;0000000000000
1964-05-02;2012-12-27;-6945488674.3197;-9875467061.481;NqIRJ;pIVmrbdksTPPOxXUka;dBZYdwGiCxQEwoisxTbg;V;Dhl;0000000000000
1938-06-17;1959-04-01;-9158122926.3313;7248113242.0354;vxIF;OqzwcwNTu;W;xXS;NqUAFJc;0000000000000
2014-08-10;1932-01-09;-1075633763.129;-7278603896.6677;MwYCRxCeGkd;HvDfN;sEsdNE;hjNhwAYlanWa;poVlkMgGYtZkXfsj;0000000000000
1993-10-17;1973-06-22;-3987649236.7692;6578378434.3276;XzDNfNHQgRIk;brUhyZwLlDKHg;EqpTgGLbWRV;APVrHPamRpdWIkKin;PrVZ;0000000000000
1925-09-05;1986-09-10;-1808581145.8703;9328610278.9393;XUIUm;CEQTvxmclHHal;wuBWSDiY;gnqs;Qukm;0000000000000
1980-07-21;1942-10-02;7093568487.2996;-9656566708.9241;QwSzPnOiCLmfcnKNvL;FisgOfYpGTYxJDC;MTKqnMp;DuyTVKwWMfSnoPH;sZLvVdyQLnNgFcp;0000000000000
1917-07-25;1947-07-30;-9786484327.9577;8527392687.729;kwvtcYKiqQtgVQF;ENMb;LtHljBPgMM;yQgxsfUWqGQjp;tVVMXyqQILw;0000000000000
1938-09-20;2016-01-11;-2735190081.5089;-8430478801.9548;hAHPu;YptLIkoe;dEiQXUDwCFghVTiEcmqM;rNherDqGEkVXNokapju;zTUojWAlFeEluA;0000000000000
1947-04-26;2011-07-07;3295784604.9291;2328531817.7423;Qnaka;;gDEYmQpYKQJFzQ;XpNOrhBwvrYlAIkTWhG;VSqLtbcZyqNuckSJjbg;0000000000000
1953-03-24;2025-08-05;5536871722.6426;2165235711.596;yBFw;AlPfXARYWMzeSxXLRqv;A;jlCsCbE;xbCGNnEkkRBI;0000000000000
2021-08-01;1928-10-07;1662548529.8069;-6458610169.766999;vTLovrUYMKAWMG;IRcog;lRezS;PFIsEdapLmoDfDz;;0000000000000
1906-07-24;2003-10-14;778218837.5077;-4241192778.4384;jYwtofAMhgtTNfCakzLc;ncVsIHmEWS;sHdKtufTITMhdd;cnNEptht;prDlIkJD;0000000000000
2005-03-04;1951-04-06;-3027515032.0678;-921631263.3969;pLzlfRyuMiVCHuRj;yhzdlcdOMtSZDVzRrS;Geq;FtG;vxRX;0000000000000
1981-04-20;2013-01-26;7563261575.11;-848664228.2667;L;YeoaunYofQOzSnkI;S;yLkXxCSfygQ;pDOEkGSbGKfuWf;0000000000000
2006-06-21;2028-03-08;8670335106.3437;6003291850.3333;IfemKvvvMGLEyRmWQOP;ycBXXqcClgjH;kaUKeR;bnwQSwSc;VOlMQgspXClHX;0000000000000
1934-02-03;1935-01-07;3919207517.3362;591534606.2345;IOgWLZicnaZD;uDOAzZYHLSVA;;KpYW;uTMxqgllf;0000000000000
1902-04-30;1976-05-30;7717407656.6758;3254465889.3283;OLfUD;xQ;OqzWanOX;sHrictXB;B;0000000000000
1910-05-04;1910-10-31;1803768038.9145;2397837470.1065;NsXXNuPzUigVw;MJQsDl;;ZCTmRauQqfperfMZx;KUeqvhSATbia;0000000000000
1910-06-13;2018-12-15;7926315138.4191;-8289674959.5181;igeReqPnkcbdNsNj;xaXKCuidHzEJqDXyg;AgEZ;kdnnTydUyMKzICZVwNZd;XQZAgCKmqfkigCH;0000000000000
1922-01-05;1938-05-27;2502732908.1868;-1045087473.0903;WvEGxgrHnsnpMAAE;;ouFGzmkxJpkfbROfCi;IubnNftJfFoxGyeHf;VeNGWbdxxvXhrnLCB;0000000000000
1922-08-08;1951-03-23;8437337958.4497;-9714871304.861;yXNIumMDyOhYqszb;VcpIhrQzkRGkFCKPBA;LxruhBFEBd;mb;GboACRYXESgwVien;0000000000000
1990-03-02;1904-10-15;-2346631851.2009;2248104330.0958;A;XI;Dbober;pFnLwReFPEBrh;FrSGGVY;0000000000000
1987-02-06;1968-10-26;-9578801847.3378;-700867437.6578;ctGVtIhJZjYscRGWqn;uJBJuvq;nG;SHIkGvjlvjOZwPhAWcV;o;0000000000000
1904-02-17;1975-02-21;6416807070.7658;3646628377.4671;w;;lMWzhBWIZCASFXkBHeB;tUQFTpbXlKMDzhlxxW;BQfdrSIFUwIslzHaD;0000000000000
1973-04-21;1997-01-19;1459421854.15;4503233473.1455;HIGzFjKdJvrKB;uGOgjI;fcipQrSyfawzofQKL;stmhazHQlJ;qhoIMxw;0000000000000
2020-12-02;1910-08-17;-9120740160.2727;8365479605.5845;LFVpWagSvOYMRfBRBQaa;VmsNwLUHVRmLjyuaZ;NIttymIQqdLNhHQZEY;iHepEFjjUoSiTBQFedGX;snWJpgrWvS;0000000000000
1974-07-14;1986-07-16;8538019093.5312;-8862790214.5559;MkETbajWSrWYJ;admW;LNuRYjXKqq;SKkuXORXY;DzGRALDuQvgGJQxN;0000000000000
1955-12-07;1948-08-07;-1238876880.6005;2879345125.3648;hOzQzhNwOWwZRZY;cirpzNlZq;V;m;LADwMVwa;0000000000000
1919-06-25;2013-04-11;-1213834524.8346;7403399285.4618;jEpjINE;cIJWohLxX;ULCNZgOD;BXyihV;mRaxQzPDrPWnchbrTlI;0000000000000
1982-10-25;1957-05-07;9632668356.9004;29461388.7585;EQZnN;PsEBmkhEzhQssZb;IGlG;Ga;psvfwGWoFdGoQKx;0000000000000
1950-04-27;1992-11-27;3857767497.6769;382172680.8529;iFzNposXrMrpkaiowbp;prltkMtdstRV;MNrBPzI;nPyrOXLAbNPnbWBl;zcATB;0000000000000
1939-02-06;1997-03-10;5367180830.1671;-9387284644.1323;USFT;p;gcGCsxYXKyWvIbRXsFcg;CBPgOORaAtDHxuvgY;;0000000000000
1915-02-03;1997-04-19;-1911151258.5728;-1994688709.3974;QebcSvKOWHvgowjkpRv;OKRIiy;VoTkCj;zdQftcWCKnLW;ulbjQGmDgqGl;0000000000000
1939-03-29;1992-08-28;-8130702146.8413;9614372004.6859;IokVX;vaFWcluortA;slFUldOPmiDhDTw;LEbEihJJaCWkCFUwoOE;Xh;0000000000000
1922-01-24;1969-09-26;3316387541.7898;-3476913103.1347;HShFmqgRLm;aFIE;AwKvhxAHy;tm;PPCTVu;0000000000000
1944-12-25;1987-02-07;552379550.6897;-3592698548.8699;;sqGBOnYYopkEaEtJRGj;XbPWLlBWh;Buy;tasyzyMiXX;0000000000000
1924-08-09;1942-07-11;-8453142791.7636;-5879391231.2811;CRLTjM;vRksQmGPchZAYonpkHq;dlsIK;jSuQDRFLVUOqYYMrmbQO;sU;0000000000000
1986-05-29;1970-09-01;8376529671.5225;2170322240.6677;NGhNTRplDkQOfuggpGO;GUxQYbRNABV;sJXWwMaTLSQ;uDc;FT;0000000000000
2007-03-13;1928-01-09;5919429182.7617;-2417986011.0786;;iDCOnPmypTdJitswwHvA;AIycEJb;sMjCz;DlJLadnuGB;0000000000000
1998-07-01;1946-07-29;8833712209.1014;732500645.9748;RGLzcXLWmcE;AOexjjCMieK;ZyOnrIWjFZPwxBAKYQg;XpPUPxVkLwdOPUq;LCXzN;0000000000000
1954-07-14;2026-01-16;-1968689327.9229;-7149814222.736;KI;q;f;ORlDqznihvAMmaMc;qYv;0000000000000
1931-09-05;1998-03-09;6101403051.1271;-6105945417.1618;wiyMmvpR;ODHmMvIUgMOc;RXtrlEvQapc;lrvuWfqAtSzP;rOvEtQf;0000000000000
1973-12-27;1922-10-31;4115701931.48;246368099.7852;PBjzqy;ewBePumc;TU;rMKOErcjLp;WZozyUJB;0000000000000
2016-10-06;1909-09-24;-2829400720.0815;7915733024.109;XGPeb;ZnsQvrrreAKHZuBJUSui;vkALQZikpaZh;isNozBLefanZY;NSESJtlZEy;0000000000000
1996-05-19;2016-03-22;-7427590035.8277;-1642178071.7777;EcDtjRfppSrdPBJWTx;Qm;zrEDfaKMMVtaNxGyC;urpxFzxuqAIxeDGVNF;nrqYSBXWTYVIS;0000000000000
1990-02-01;1987-01-09;770099457.9921;-6642061536.1282;Lu;dNDUSMweEKdymKPJuBaT;EXebDRPnWsTIfMw;TnNYZWjSpUR;NCrilRntpTgMjHOav;0000000000000
1948-09-18;1903-08-29;8545353967.3188;-23403756.6583;mHGVIFucKC;wDjJ;NLRkfYRTcJxi;bmW;itkcXslODSsRMFztwxXl;0000000000000
1922-12-04;2007-10-16;8743542752.4141;69044374.5078;LuCe;QUC;mTxDtzxjdwrIUQOjAbAC;mPzgWEjR;dnRePpGZPwcnfTu;0000000000000
1922-03-11;1914-01-10;9197988742.7687;2351126643.2965;Gxcns;zCuwYifzhPedXdWauVu;KL;bMHhE;FsmcfJEVJI;0000000000000
2029-02-15;2010-03-26;5798573376.8002;7361879318.5769;CHHsZGDluwuHrIbw;IEjjmNucrWDg;Ittlxgiwomh;eNeqNbHA;TrgnQfYyGFajuLnmM;0000000000000
1921-04-29;1929-12-28;5562795378.2188;-8826303825.9067;yNjeNyz;KPoWPKfSpAAoMPIcz;cJYMOIDOITrWQYBb;jtys;qdWkYdcBQm;0000000000000
2009-07-20;1979-08-06;-4316264697.8493;-1677894516.5953;bYAFdUkbdNedCIxP;lxhNRgVOhbrHFihkYp;sNDTEV;IiAwfGhPutCFzNo;mKHAdfcVuQUuT;0000000000000
2001-02-26;1904-03-21;-1290630134.2229;5013432689.8202;qteZjMPIQ;P;uoJFsLEHwaVPktQbPgZl;nBRNQbWQgT;;0000000000000
1973-03-02;1935-07-20;8266834552.7591;9227261173.3711;aiqGqE;W;wL;UmtAjRTx;rTQndJgAGlleGXm;0000000000000
2018-09-02;1983-01-15;-4217802040.948;-7509673372.2146;IkcZcngwmYyXgQO;yMiAGjaXcdVNZaXDcd;SHBOEgLbayInYBS;gBIULpPWssVlmjFzqnJg;;0000000000000
2019-01-20;2001-01-19;-5819269630.6535;-754558470.1744;aWDadEbRhWnqnhULB;FqvemBhEgRzfTGXR;CYCYmxJLmEsjc;kGULnCFRLKRZXrvpdk;;0000000000000
2010-10-19;1917-12-30;-5816334399.9684;7596254902.2428;XgdJXnOjZyEUzLUihm;uSPXymrThbWDtg;XGEWz;HQVKJsU;ZsWGfd;0000000000000
1920-11-16;1964-10-20;-1762864825.1021;-7538799943.9065;CetpQKlqjzsVJKxOzb;KuUaVJWvnYyquQhSxn;GnXDPZprjJVmGYh;EwdqVgxUinfLXoSgKu;w;0000000000000
1942-09-28;1904-04-03;-7897177455.8884;-2105183581.0737;rgTMg;XmCDcLepcvoPTejWkIA;ovqCTp;zTMpOwFomHeUEQy;;0000000000000
1963-07-26;1900-07-12;-2019083393.4455;-6254042819.3863;MdyQrwOUOZ;RJrkfdBeAGYJl;rOawpcxOByAay;bluAwaTA;ZjiHaCFmewwfvLbJg;0000000000000
1951-05-06;2023-11-09;-6899901758.3075;-9073841106.7365;t;EJWFLFp;eG;fuLFCzAAfCHVY;lNVnq;0000000000000
1913-02-02;1981-02-16;-1023287390.4846;1832824392.7598;laMBKpznf;KEWiQJhfigurHbqv;yBixJxjpkkvj;DvESA;gTwPQHU;0000000000000
2010-03-30;1941-07-03;-4625468830.4588;8487829984.8096;sVFFBGypBQ;JsuZAfQIEbrgTSQ;WBSWLtvPJ;tWgdRxYSgdDHDch;oWVjd;0000000000000
1937-11-13;1998-05-07;7706530863.0055;-4721812764.3468;;sDkiebGcXsEBbYR;yQlTJLfHx;BsgVqDnmjK;eTNrhrnSO;0000000000000
1941-04-03;1916-02-10;-7856798895.5253;9560271027.2345;KaBjpHTbEQAEqNJL;obIyuKapP;di;DBRplcOdmZnUZQD;ivxaDwVlHosFijLEo;0000000000000
2000-12-28;1941-10-07;8378389136.2767;-6026664694.5771;YsWEgvAG;JecwUiR;VKArHjGyjfDIjshQ;PswQnQndIpbBlWPp;CcnCPc;0000000000000
1944-03-30;1942-01-29;-9247553784.0151;8266253167.8613;SOQyPkxWZY;JjTH;WHDaLqR;l;FEQEDBsUQlcgSdhYVQuP;0000000000000
2005-10-21;2023-06-16;5476274155.9188;-2880035717.1964;;mpvJIRPJoRaEEwZskmLb;qqMwZVZ;WdvyvcMLukBxfm;Ignqvnu;0000000000000
1915-04-03;1906-05-22;-9704807540.6525;2149154065.8374;tkeXcEuqTZJFzNU;oAcrciv;mGpaubUgALxvFX;VguxDanZqLFaPTnhFJ;i;0000000000000
2000-05-18;1959-07-19;-4633755064.5517;2186302790.1736;zumXyuKIoLj;pMIvgKfGSZQabRm;cRReuXByEct;dBeQBaYAcoliWqXMeXFH;aT;0000000000000
1947-05-16;1995-10-02;3336712516.801;-8387740969.8775;MyEVRvINdmDc;qpZYkmUpBAop;KCKNa;YOFdhwI;ighGmKXpGngSq;0000000000000
1934-11-08;1993-05-31;7311386541.2626;9878129415.888;Ua;qHTuQVCVdD;I;QXUAIPLmVBtsuRzBOQ;nVgbAtYIlNZPhVLOQI;0000000000000
1976-12-23;1938-08-04;-7758281081.5885;5596360409.5463;qRZPKYEhaIysZvpgMAKk;SvHsmeDBGH;tUqqp;uwDzxBsWtwqRVjWAC;r;0000000000000
1939-12-27;1977-10-06;-224399008.7785;-6985619628.8707;znpVwmRgaqaXpIljuecD;n;TfQTlPtdmA;XndtpUFiEebBoUXiLL;PytFFOqyZjsRWmgKz;0000000000000
1983-09-17;2014-05-16;-6608830056.2558;35474099.2478;PZtJUbW;H;;vYxPkLnnarSPzYJ;MAzOKXiK;0000000000000
1993-02-01;1991-02-17;1720668189.6528;2688196578.0160003;alFwPfGChrHY;fwgngzHWjNCINg;DrQMsCiCSqdvOWrIpjoK;xZ;ishUW;0000000000000
2016-02-02;2026-01-30;-1811148341.9527;-7590502731.7469;tDmHteGKlVvcoqwyZ;VTAZAqwumlgLvzAj;O;vDsrftsJBz;ZxZdLhNVSnfkgu;0000000000000
1941-07-25;1972-04-04;-7419711774.0788;-6042529409.0037;R;DSvt;dFNP;PiujHSXI;FljwwrUQVFuHUUdqwpz;0000000000000
2021-02-23;1986-01-16;746887970.3859;1096271370.2403;wPIClPYcqeeKrbNfMdNW;fyrurD;ImsN;;KchiZzaXodyKSHsXLK;0000000000000
2028-02-29;2000-01-31;-480655658.6783;-9799923615.6483;Qh;JdNsGBNbfkRa;uueb;SAYrhGYcLLcLE;PL;0000000000000
1973-11-11;1983-07-24;-3401927822.3964;-1899301045.5511;VsTQSbhmRV;bHOBgxPHoxCmt;NQbbEjMLrPDtK;wvNipYSrKiAv;LjHRRDkyXRmxKQJAT;0000000000000
1948-01-10;1976-08-25;-394666310.4241;7722219095.0975;tCRYp;FfDdmTN;wPIgVUkpKRaIteSygbC;EnnmDiLXRFqlQTN;LJb;0000000000000
2024-10-14;1981-09-01;2249635884.2897;-5309963449.3705;DhvhbnD;CgUhfLcOIY;YAkdjpuDAnkureuRjq;yKkkHFDLCR;RSbN;0000000000000
2004-10-18;2006-09-27;5404241330.4975;-7952803521.9272;rymMgnSTPiku;MpPdASgMJwpegZWLlqOz;gReuORyjizDge;QTn;sKJNmleYddiVmldXaLLv;0000000000000
1973-05-11;2001-05-01;4492205031.7411;-2162719729.3397;OiUYdSI;HRtfbXQJklaQKkLJbPd;NDCwoKQVyQOO;dsL;JAtKSZWDGoWbbdqG;0000000000000
1988-04-17;2012-10-10;8027561733.8626;5972303993.7429;pH;rqvmWVv;LufhtjDmheXrX;MW;ptJmbhZNAiAUqzP;0000000000000
2008-08-23;1981-09-06;2548707840.8442;5437803695.3192;pkPNFMSUUItc;uyoNXqFpZGzDBfM;cvZcC;qriOWJwAg;IVWaPrN;0000000000000
1938-03-21;2015-02-26;-4903257988.632;5019224995.4783;JBIUyzavWEXGO;PZPcKLWPXgycaVHGhHkl;UnYToJBJkjKocSpp;XWDQeUKxyPVoWytBhqsJ;OIfYwiSfsahM;0000000000000
1915-08-05;2015-12-29;-6235779637.9102;-8419289221.6292;PTzHX;;CcFaWXkjYIib;HdcWGGUBKFLBUSMWU;sGSvIrmROHHInOVrZFFz;0000000000000
1967-08-02;2027-08-18;-3452334825.3428;7639499111.6973;QtDOPtH;yPrbYUUkMLMmdAZtz;bdoNqkDhMaIfrHf;sDRGpbBHQfHrRGG;bLFK;0000000000000
1958-03-05;1951-09-09;-5649179262.3241;-8439310482.1462;PUTBGCuPodcNQK;yWFOoZd;GIVkzOgOhQteFtVBs;UbXqYeBSpfuZgyu;wnyphbmoYnLxgwZQWdQX;0000000000000
1925-03-23;2021-02-22;-7293221769.1971;-4949001840.5229;;QWUIcTBlwAspwogxh;;NC;VqdsmJleberHszMvFMlK;0000000000000
1952-09-16;1908-02-18;4727545290.7338;-9226753968.8198;FuuAfLbVXPMJcGBS;UgdbxtcBP;BtgSWx;Fj;O;0000000000000
1965-02-07;2012-05-13;1363608028.2764;6018989264.7903;bccpysZkQowMV;cxUjIlJRZUkc;IEt;;ELUp;0000000000000
1963-11-16;2020-03-13;-4163954827.4358;-9315142030.8405;TbVkyNDgHhtyAWMpP;ux;eplYtsftPerYva;ByIlNIuPSkF;hyVuOv;0000000000000
1972-05-14;1947-04-17;4938678501.5233;7875045132.7995;R;VR;LIL;bD;TBWnZaSpBwGkSm;0000000000000
1965-10-24;1911-06-29;8869493139.1005;9542906936.6391;JRkvE;qymjkChYLUxNwGFnXN;C;kX;FwyFiVIBi;0000000000000
2007-09-17;1944-06-27;2264549622.0453;7930226305.9417;x;EQAQfIn;RSJTYqYfLkhI;OzQovfG;gbFRxDnYomq;0000000000000
1906-12-13;2025-11-06;-507445745.2446;3209810657.0859;rGfxITvK;uZETiiaRkqYl;yxRxEdZhpIejqSDXSR;;FzKNHZbhEvnqnzrnena;0000000000000
2024-03-17;1952-09-15;-364956413.6284;-4219519270.7745;froHVpDbLjgTSFGFh;;;bNoxGJXRcXnadvuajo;clE;0000000000000
1915-01-18;1994-01-22;8916242061.1462;2952654196.9262;YG;VPUqwBHectgey;uoxjq;bcdcNdKIicDSGFlSCyX;LOJXGn;0000000000000
1904-09-15;1956-09-25;-8468318120.3429;5899164465.691999;w;uQaZC;UxqyPlbhpL;cvubEFzyjA;vNOwMCbMFwsdl;0000000000000
2024-11-12;1912-06-26;-253645200.4821;1200057295.0935;urf;VilKZlVJZ;JHP;WkXkys;WS;0000000000000
2011-12-14;1964-01-20;-3025885640.2812;337066720.0795;NbDwlMHYtmVHpnkt;azqUmFhUN;nzzSjFUFQUmYEu;NNxNwiMnoXE;dItFAVSpOpeUgaowRg;0000000000000
2024-09-20;1963-12-12;-1964363328.4441;6072334765.1978;sl;s;tMQbVEQkdx;AAZUJFxJilfIU;izFFDDd;0000000000000
2029-05-02;1974-09-19;-9537733625.0257;2126956160.0166;QufTfkmAgoozIyWxSLdW;eMZrngYGDYnC;DPHOR;jwCGaCTZmZfJJb;uRfUNroRWie;0000000000000
1976-01-27;1973-05-12;7529962319.6098;-3492094258.8603;HTOrZ;SXaRbkhPuVVCWro;oWYZqHghhoj;nrUBXWpgJy;TEhzbGcOLktZg;0000000000000
1971-05-02;1987-01-08;8414093979.185;6248631886.6576;brLAWGPktJkfUS;w;wkrjgNFHhQjEHn;ErQjpnWj;;0000000000000
1933-11-05;2005-08-11;-6257526776.3793;-9625121342.8381;ChoDtZ;kunjm;MyoyRWOAYltCtDiSIzx;fxjiMMxPIoahaVVi;LDJAhmOLTudq;0000000000000
1915-06-17;2027-01-26;4950669454.1934;-1605667933.1799;upJRSArzExP;QSkPWbZFANCifoGEF;cD;AtXE;itO;0000000000000
2005-01-24;1920-12-15;-6899523801.0841;-5754253670.4027;;vAwOmDvMoOIGtafBO;DMCyDvjFXMcPrFzgW;cGtlAbjmJL;ZfJioprenYlOaOarrVk;0000000000000
1989-04-23;1997-09-22;7330129783.0645;-701142011.2672;WBjtvZjTP;vjjrNCuZKFijqKG;urskKRdGaefZ;bXlJXCWENkfNyjdPrgO;cTWXfmWsQRF;0000000000000
1926-03-28;1910-09-14;-6663936149.4551;5880647764.5511;lrjPGLUlOzEW;QfMHArUeFFNZYEQSN;zDWUrqsdnBiVW;rDf;ayLZ;0000000000000
2015-09-11;1978-08-17;-1544384423.6075;-7314762971.2407;nIiYKj;D;EErUgFZBDVBAcYWCtgln;gzPgxhIP;VHtWFMGKuYoPNzugfqPq;0000000000000
1967-06-24;1958-01-14;326216927.8597;-291009702.0247;DKlLjqeKErsbzBMMSQK;kMDNQKeosQqpa;cLrlvGAUviQgNLw;vNXgBCFuxrtIbIDfQ;PzfAJAtkhhCCHUWAKW;0000000000000
1925-05-14;2020-05-13;-7644100754.366;3784953132.911;pyDYECkchD;TzqcklvUcawH;LRjYg;tXlUUZwq;FJMMxhGYvH;0000000000000
1965-02-02;1983-02-24;9134552389.5701;-6456962994.3484;SYXvpA;CVjBhMflZbweHA;beA;LZPFbzTvLRjuc;TO;0000000000000
1915-02-23;1965-07-07;-1220908422.9772;4543357074.9716;SelV;;nCANOLyFOztNzNlT;TtPzcngpyW;znMSrWJkWiBjrI;0000000000000
1978-02-08;1937-02-04;-1580468652.4571;843709786.5395;ipkQdXHogoMuK;wg;INfSIzzDAibNaGKTsMXq;;kMefsFPKuQpukIrFLSmT;0000000000000
2006-05-18;1942-09-26;6840916604.6941;-9829243564.6146;qn;zpiPfcCdShDQhNir;kwlgZNQVNzKKLmyNgCNE;zsUeHHVDvSKKbrkorx;GIjzIxGI;0000000000000
1931-04-21;2011-04-28;-8264742702.2093;-3817800896.1835;WrBryEpiarpFaNNJTJ;awDdweNhM;;RuFFRaGhALfAbzdT;vA;0000000000000
1972-07-27;1932-08-15;2743401500.8475;2645215223.2852;pak;EptWZnjRHanCKEQVrUC;IqeUV;ZZbcYLfqXqhXvit;fuh;0000000000000
1922-05-29;1958-03-19;7904773564.1881;814452056.1311;RNeyH;pU;PGEuxyhJCGKZyYznoMIX;iNfYczR;LBpVphfSX;0000000000000
2003-01-17;1994-02-18;9321379648.3841;8041104332.5214;GIwwqZMClwedv;RCdVzoxXPAtegzEZf;Ix;jMBUftkInxMoQ;lydYlQvM;0000000000000
1938-09-11;1937-12-25;-4234677284.2402;5557172061.7325;CrmZW;VcOWwqSlD;tqfYc;vK;oSR;0000000000000
2026-01-27;2003-02-21;-7226548032.729;-8909119763.8348;ckRJEsZWYfxs;TUyOWtPlZuNk;seOoVaYhQjsQ;pmKzALIWRkUSAFSo;egenO;0000000000000
1974-02-26;1936-07-06;-2631230019.3062;-2608326122.4192;aWCAQtmcGuzfmLoGx;;BqaZFKMozlkuuT;VfulZoqILoqDsgRPQbFT;uOGMdAapIQyyvJ;0000000000000
1951-07-15;1965-03-18;-2427804265.3348;-5831271200.4569;iDKvgGrxBEqJ;cOOsmoKNxufItaAP;pBPMDr;BZOSSlJpd;EwljfZsXI;0000000000000
1974-10-15;1983-04-12;-5058868601.5457;-2245115535.9973;ksSNKg;wuDWvIkoTBqXZi;jBBkvGFBJgqTx;NpVaslCXz;CzQiGMCmnWUlYv;0000000000000
1901-10-30;1938-03-29;-4698392187.7334;-6172622486.478001;NFpGggHwFBrvM;ZfBNd;GeLmhzlQNr;QaZY;IQGxIhrZxd;0000000000000
2003-10-01;1989-12-08;-2908270507.4603;6806018310.3474;gTFa;Gvj;cIzdSUJAeKzQRBE;mz;uSTChFhAUvV;0000000000000
1979-07-14;1992-08-02;-7089416949.2578;4436704631.8004;ySrhwOdlpNDEd;yPUocPIrVl;NgRJxKYAGt;hmF;ucpjfp;0000000000000
2018-05-18;1955-02-04;-9228812118.4419;-9655571722.1358;HKmjpyYHsXmwT;ZSFhDxcAzWMuelMPTLJK;UgvSLIKsCyMGuPZDJQxk;BznZXVz;xPrHNJJMFFOwQ;0000000000000
2023-04-24;1966-09-20;-3766025144.503;-8706509843.4082;MY;xJhHzpaKymNKtjE;SJrJUnp;QPyMvXPSlAULzjDgJY;BXacmTwMXf;0000000000000
2005-06-04;1916-04-17;-3755653285.0009;-3957565023.2341;FwdeqchmtXiGYo;VKyumYkPwyMRvant;;HUpDLgLXUEYYCB;jxXyQdlxHVzJkfSR;0000000000000
1910-05-04;1918-07-31;7760308268.8904;-1413898348.5086;OmTW;;ZmtOLuf;Us;xFHkIaOUWFgZDxF;0000000000000
2027-06-12;2000-09-01;8500668184.9943;1329892642.0564;RIQl;jfQdRuuf;KQQQufXmUODHxr;IkQZTFFcm;fip;0000000000000
1996-05-14;1909-11-11;-5718033515.8626;-7872516876.145;owGAJPhybAyYmnovTsFK;XNyxIf;UPPrnvUlkCI;uOOEnBbEj;xZLdcLOVCfvTdtS;0000000000000
1994-06-04;1934-01-10;2197989803.2044;6898080995.3068;KZqLBA;;KgMomh;jzUxQoaviZWuI;zKKhe;0000000000000
1949-10-08;1950-03-19;-9144571663.1686;-8869961919.0262;DcieuHRwVfKOlNWe;kYfCRKPrqkX;dULiHkzyVlGlTv;qJDWwapiXHytOHsfwZ;PabsIKMGFSZGt;0000000000000
1909-10-31;1911-02-11;1493349037.3774;4205562210.0969;aS;oGA;ayKqDmfWkmWEeMQwSN;;WGxdasfyVt;0000000000000
1961-12-02;1904-11-25;2801709518.1546;-7081944939.7582;vwSoGbjHshaVjR;vgygFCnCUMLQ;FSdVWvnPypyWXIm;sLab;vH;0000000000000
1907-04-18;1901-07-09;-8511253161.1015;3599143827.1312;biRkulEbDgJw;HWuLyCZYr;rzyYnJfDK;;;0000000000000
1974-12-02;1975-02-10;2626739992.1652;-778394455.8471;ksKiwVtDlNZsKyV;NsMsoC;WxTjrH;EzKkcFATzNhSfWuqRY;ZOadKP;0000000000000
2001-09-19;2029-07-29;-9381389479.106;-3468386356.9633;X;KebnFMAzkSumZwZ;VXpuSIbYMcrqxxhTnmS;hWlpvRz;ZUlAiPWkk;0000000000000
1962-06-28;1919-07-02;1699196369.1009;5595214842.8131;PF;YusXa;rZhGVsLyYCnmX;wNEHEBjFemmEJnAVGNaQ;GAoCTJUtQBIO;0000000000000
1965-12-03;1987-12-07;-6096358084.7122;-9567119539.5427;unvDqLosfM;YYWrIUUxEGQSWJKMKBfg;mBnpbaA;Fuv;HRaRBmJ;0000000000000
1938-06-19;1978-10-09;-4272337579.2835;4602961362.408;SnntUrDQL;vuvviqKSBNtZHuChld;FrDNBRtSUkNmzD;NgZRf;GvJeksVqVSqe;0000000000000
1901-09-12;1979-12-26;9618135538.6677;-9016454305.5907;MKfvIRTVZ;HSplpiUtmqIbXDQZgsWy;cAewKFvdYiWRc;QkhYeCZLzQVD;jlMEEylCDdtwnLe;0000000000000
1961-08-03;2007-03-17;5952044319.4951;-5322828820.0796;JMqGwBytRSD;FJiMcMgrQMMPV;TJfvzaIcwPUTVNv;UHtUzKJzVytIYrfUeQUy;vJowWqSSuKKI;0000000000000
